Workbook

Sheet Paste
A1: Inf | B1: Name | C1: Age | D1: CA | E1: PA | F1: Nationalities | G1: Club | H1: Asking Price | I1: Positions | J1: Actual Rating | K1: Potential Rating | L1: Striker | M1: AM(L) | N1: AM(C) | O1: AM(R) | P1: DM | Q1: D(L) | R1: D(C) | S1: D(R) | T1: GK | U1: Accelereation | V1: Agility | W1: Balance | X1: Jumping | Y1: Left Foot | Z1: Natural Fitness | AA1: Pace | AB1: Right Foot | AC1: Stamina | AD1: Strength | AE1: Aerial Ability | AF1: Command of Area | AG1: Communication | AH1: Eccentricity | AI1: Handling | AJ1: Kicking | AK1: One on Ones | AL1: Reflexes | AM1: Rushing Out | AN1: Tendency to Punch | AO1: Throwing | AP1: Aggression | AQ1: Anticipation | AR1: Bravery | AS1: Composure | AT1: Concentration | AU1: Decisions | AV1: Determination | AW1: Flair | AX1: Leadership | AY1: Off the Ball | AZ1: Positioning | BA1: Teamwork | BB1: Vision | BC1: Workrate | BD1: Corners | BE1: Crossing | BF1: Dribbling | BG1: Finishing | BH1: First Touch | BI1: Freekicks | BJ1: Heading | BK1: Long Shots | BL1: Long Throws | BM1: Marking | BN1: Passing | BO1: Penalty Taking | BP1: Tackling | BQ1: Technique
B2: Scot Little | C2: 16 | D2: 79 | E2: 163 | F2: Scotland,England | G2: Brixham | H2: £2,676 | I2: ST | J2: 55.1 | K2: 81.83 | L2: 20 | M2: 15 | N2: 1 | O2: 9 | P2: 1 | Q2: 1 | R2: 1 | S2: 1 | T2: 1 | U2: 11 | V2: 12 | W2: £13 | X2: 5 | Y2: 20 | Z2: 13 | AA2: 12 | AB2: 13 | AC2: 10 | AD2: 2 | AE2: 1 | AF2: 1 | AG2: 3 | AH2: 3 | AI2: 2 | AJ2: 2 | AK2: 3 | AL2: 3 | AM2: 1 | AN2: 1 | AO2: 2 | AP2: 11 | AQ2: 9 | AR2: 4 | AS2: 11 | AT2: 7 | AU2: 10 | AV2: 3 | AW2: 14 | AX2: 5 | AY2: 12 | AZ2: 4 | BA2: 15 | BB2: 8 | BC2: 15 | BD2: 8 | BE2: 11 | BF2: 10 | BG2: 14 | BH2: 14 | BI2: 6 | BJ2: 7 | BK2: 7 | BL2: 2 | BM2: 2 | BN2: 9 | BO2: 8 | BP2: 1 | BQ2: 14
B3: Alan Hackney | C3: 16 | D3: 89 | E3: 177 | F3: England | G3: Brixham | H3: £12,105 | I3: DM/M C | J3: 53.16 | K3: 78.5 | L3: 4 | M3: 1 | N3: 9 | O3: 1 | P3: 16 | Q3: 1 | R3: 1 | S3: 1 | T3: 1 | U3: 8 | V3: 9 | W3: £14 | X3: 5 | Y3: 13 | Z3: 16 | AA3: 9 | AB3: 20 | AC3: 8 | AD3: 7 | AE3: 1 | AF3: 3 | AG3: 1 | AH3: 3 | AI3: 2 | AJ3: 3 | AK3: 1 | AL3: 1 | AM3: 2 | AN3: 3 | AO3: 2 | AP3: 12 | AQ3: 10 | AR3: 15 | AS3: 12 | AT3: 7 | AU3: 15 | AV3: 16 | AW3: 12 | AX3: 11 | AY3: 11 | AZ3: 6 | BA3: 10 | BB3: 12 | BC3: 13 | BD3: 8 | BE3: 11 | BF3: 8 | BG3: 10 | BH3: 14 | BI3: 11 | BJ3: 6 | BK3: 8 | BL3: 4 | BM3: 5 | BN3: 12 | BO3: 8 | BP3: 6 | BQ3: 14
B4: Marc Mitchell | C4: 16 | D4: 85 | E4: 158 | F4: Grenada,England | G4: Brixham | H4: £2,908 | I4: AM LC | J4: 53.16 | K4: 77.37 | L4: 1 | M4: 8 | N4: 20 | O4: 8 | P4: 12 | Q4: 1 | R4: 1 | S4: 1 | T4: 1 | U4: 10 | V4: 11 | W4: £15 | X4: 12 | Y4: 12 | Z4: 6 | AA4: 11 | AB4: 20 | AC4: 12 | AD4: 6 | AE4: 3 | AF4: 1 | AG4: 2 | AH4: 3 | AI4: 2 | AJ4: 2 | AK4: 2 | AL4: 1 | AM4: 1 | AN4: 2 | AO4: 3 | AP4: 7 | AQ4: 11 | AR4: 9 | AS4: 11 | AT4: 7 | AU4: 9 | AV4: 10 | AW4: 14 | AX4: 2 | AY4: 10 | AZ4: 8 | BA4: 9 | BB4: 11 | BC4: 14 | BD4: 8 | BE4: 12 | BF4: 9 | BG4: 9 | BH4: 14 | BI4: 6 | BJ4: 5 | BK4: 7 | BL4: 4 | BM4: 6 | BN4: 13 | BO4: 5 | BP4: 4 | BQ4: 11
B5: Paul Stroud | C5: 16 | D5: 77 | E5: 156 | F5: England | G5: Brixham | H5: £2,613 | I5: AM/ST RC | J5: 51.25 | K5: 76.35 | L5: 20 | M5: 1 | N5: 15 | O5: 16 | P5: 1 | Q5: 1 | R5: 1 | S5: 1 | T5: 1 | U5: 13 | V5: 10 | W5: £14 | X5: 8 | Y5: 11 | Z5: 17 | AA5: 12 | AB5: 20 | AC5: 12 | AD5: 4 | AE5: 3 | AF5: 4 | AG5: 1 | AH5: 2 | AI5: 2 | AJ5: 3 | AK5: 3 | AL5: 1 | AM5: 3 | AN5: 2 | AO5: 2 | AP5: 6 | AQ5: 10 | AR5: 8 | AS5: 5 | AT5: 5 | AU5: 7 | AV5: 12 | AW5: 14 | AX5: 11 | AY5: 9 | AZ5: 4 | BA5: 12 | BB5: 10 | BC5: 7 | BD5: 4 | BE5: 6 | BF5: 14 | BG5: 5 | BH5: 12 | BI5: 5 | BJ5: 5 | BK5: 8 | BL5: 1 | BM5: 7 | BN5: 11 | BO5: 6 | BP5: 4 | BQ5: 14
B6: Hisashi Roddy | C6: 16 | D6: 78 | E6: 158 | F6: England | G6: Brixham | H6: £2,713 | I6: D/WB RL | J6: 51.03 | K6: 76.01 | L6: 1 | M6: 1 | N6: 1 | O6: 1 | P6: 1 | Q6: 16 | R6: 1 | S6: 20 | T6: 1 | U6: 12 | V6: 11 | W6: £14 | X6: 11 | Y6: 15 | Z6: 18 | AA6: 10 | AB6: 20 | AC6: 14 | AD6: 6 | AE6: 3 | AF6: 4 | AG6: 1 | AH6: 3 | AI6: 1 | AJ6: 1 | AK6: 1 | AL6: 2 | AM6: 1 | AN6: 3 | AO6: 1 | AP6: 14 | AQ6: 10 | AR6: 15 | AS6: 6 | AT6: 9 | AU6: 9 | AV6: 11 | AW6: 8 | AX6: 6 | AY6: 9 | AZ6: 9 | BA6: 8 | BB6: 10 | BC6: 13 | BD6: 1 | BE6: 7 | BF6: 5 | BG6: 1 | BH6: 8 | BI6: 1 | BJ6: 5 | BK6: 2 | BL6: 3 | BM6: 9 | BN6: 7 | BO6: 3 | BP6: 13 | BQ6: 13
B7: Ashley Sarahs | C7: 16 | D7: 71 | E7: 146 | F7: England,Northern Ireland | G7: Brixham | H7: £1,980 | I7: GK | J7: 51.89 | K7: 75.58 | L7: 1 | M7: 1 | N7: 1 | O7: 1 | P7: 1 | Q7: 1 | R7: 1 | S7: 1 | T7: 20 | U7: 10 | V7: 10 | W7: £8 | X7: 13 | Y7: 16 | Z7: 7 | AA7: 9 | AB7: 20 | AC7: 3 | AD7: 6 | AE7: 9 | AF7: 8 | AG7: 10 | AH7: 2 | AI7: 15 | AJ7: 5 | AK7: 11 | AL7: 14 | AM7: 15 | AN7: 5 | AO7: 5 | AP7: 10 | AQ7: 11 | AR7: 6 | AS7: 4 | AT7: 11 | AU7: 10 | AV7: 8 | AW7: 3 | AX7: 5 | AY7: 3 | AZ7: 6 | BA7: 10 | BB7: 2 | BC7: 7 | BD7: 4 | BE7: 1 | BF7: 3 | BG7: 1 | BH7: 6 | BI7: 6 | BJ7: 1 | BK7: 2 | BL7: 2 | BM7: 1 | BN7: 4 | BO7: 1 | BP7: 1 | BQ7: 11
B8: Aydin Webb | C8: 16 | D8: 68 | E8: 135 | F8: England | G8: Brixham | H8: £2,507 | I8: M/AM RLC | J8: 49.14 | K8: 72.98 | L8: 1 | M8: 16 | N8: 1 | O8: 20 | P8: 12 | Q8: 1 | R8: 1 | S8: 1 | T8: 1 | U8: 7 | V8: 8 | W8: £7 | X8: 8 | Y8: 10 | Z8: 14 | AA8: 8 | AB8: 20 | AC8: 12 | AD8: 7 | AE8: 2 | AF8: 2 | AG8: 3 | AH8: 1 | AI8: 1 | AJ8: 3 | AK8: 1 | AL8: 2 | AM8: 1 | AN8: 1 | AO8: 3 | AP8: 11 | AQ8: 5 | AR8: 9 | AS8: 9 | AT8: 11 | AU8: 13 | AV8: 18 | AW8: 10 | AX8: 7 | AY8: 10 | AZ8: 6 | BA8: 14 | BB8: 12 | BC8: 13 | BD8: 4 | BE8: 8 | BF8: 7 | BG8: 10 | BH8: 15 | BI8: 6 | BJ8: 4 | BK8: 8 | BL8: 3 | BM8: 6 | BN8: 10 | BO8: 4 | BP8: 9 | BQ8: 11
B9: Daniel Willard | C9: 16 | D9: 74 | E9: 149 | F9: England,Northern Ireland | G9: Brixham | H9: £9,312 | I9: AM L | J9: 48.14 | K9: 71.89 | L9: 4 | M9: 20 | N9: 3 | O9: 1 | P9: 1 | Q9: 1 | R9: 1 | S9: 1 | T9: 1 | U9: 13 | V9: 15 | W9: £10 | X9: 8 | Y9: 20 | Z9: 5 | AA9: 13 | AB9: 11 | AC9: 12 | AD9: 5 | AE9: 3 | AF9: 1 | AG9: 1 | AH9: 2 | AI9: 1 | AJ9: 1 | AK9: 1 | AL9: 2 | AM9: 3 | AN9: 1 | AO9: 1 | AP9: 7 | AQ9: 6 | AR9: 10 | AS9: 7 | AT9: 6 | AU9: 6 | AV9: 18 | AW9: 12 | AX9: 5 | AY9: 8 | AZ9: 4 | BA9: 6 | BB9: 11 | BC9: 7 | BD9: 6 | BE9: 4 | BF9: 8 | BG9: 10 | BH9: 11 | BI9: 10 | BJ9: 6 | BK9: 5 | BL9: 4 | BM9: 2 | BN9: 10 | BO9: 6 | BP9: 4 | BQ9: 10
B10: Allan Hall | C10: 16 | D10: 71 | E10: 146 | F10: England,Australia | G10: Brixham | H10: £2,328 | I10: DM/M C | J10: 45.22 | K10: 68.33 | L10: 1 | M10: 1 | N10: 16 | O10: 6 | P10: 16 | Q10: 1 | R10: 1 | S10: 1 | T10: 1 | U10: 13 | V10: 14 | W10: £10 | X10: 4 | Y10: 12 | Z10: 13 | AA10: 12 | AB10: 20 | AC10: 13 | AD10: 4 | AE10: 3 | AF10: 1 | AG10: 2 | AH10: 2 | AI10: 2 | AJ10: 2 | AK10: 1 | AL10: 3 | AM10: 3 | AN10: 4 | AO10: 2 | AP10: 10 | AQ10: 7 | AR10: 13 | AS10: 5 | AT10: 4 | AU10: 9 | AV10: 14 | AW10: 10 | AX10: 1 | AY10: 5 | AZ10: 2 | BA10: 7 | BB10: 11 | BC10: 12 | BD10: 4 | BE10: 8 | BF10: 6 | BG10: 8 | BH10: 8 | BI10: 3 | BJ10: 3 | BK10: 5 | BL10: 3 | BM10: 3 | BN10: 10 | BO10: 5 | BP10: 4 | BQ10: 9
B11: Robbie Gallagher | C11: 19 | D11: 66 | E11: 109 | F11: England | G11: Brixham | H11: £11,298 | I11: ST | J11: 46.57 | K11: 64.94 | L11: 20 | M11: 14 | N11: 1 | O11: 1 | P11: 1 | Q11: 1 | R11: 1 | S11: 3 | T11: 1 | U11: 12 | V11: 9 | W11: £7 | X11: 6 | Y11: 9 | Z11: 10 | AA11: 9 | AB11: 20 | AC11: 11 | AD11: 8 | AE11: 1 | AF11: 1 | AG11: 1 | AH11: 2 | AI11: 3 | AJ11: 2 | AK11: 3 | AL11: 3 | AM11: 3 | AN11: 2 | AO11: 3 | AP11: 13 | AQ11: 11 | AR11: 6 | AS11: 10 | AT11: 4 | AU11: 9 | AV11: 12 | AW11: 4 | AX11: 3 | AY11: 10 | AZ11: 6 | BA11: 5 | BB11: 5 | BC11: 8 | BD11: 4 | BE11: 3 | BF11: 13 | BG11: 9 | BH11: 12 | BI11: 4 | BJ11: 13 | BK11: 4 | BL11: 1 | BM11: 6 | BN11: 4 | BO11: 6 | BP11: 4 | BQ11: 9
B12: Jada Mawongo | C12: 21 | D12: 73 | E12: 97 | F12: Sri Lanka,Democratic Republic of Congo,England | G12: Brixham | H12: £13,932 | I12: D C | J12: 52.03 | K12: 64.9 | L12: 1 | M12: 1 | N12: 1 | O12: 1 | P12: 1 | Q12: 1 | R12: 20 | S12: 10 | T12: 1 | U12: 8 | V12: 5 | W12: £6 | X12: 11 | Y12: 9 | Z12: 7 | AA12: 8 | AB12: 20 | AC12: 5 | AD12: 13 | AE12: 4 | AF12: 1 | AG12: 2 | AH12: 2 | AI12: 1 | AJ12: 3 | AK12: 3 | AL12: 1 | AM12: 2 | AN12: 1 | AO12: 1 | AP12: 15 | AQ12: 7 | AR12: 10 | AS12: 8 | AT12: 12 | AU12: 14 | AV12: 10 | AW12: 6 | AX12: 10 | AY12: 5 | AZ12: 14 | BA12: 5 | BB12: 5 | BC12: 6 | BD12: 3 | BE12: 4 | BF12: 1 | BG12: 1 | BH12: 5 | BI12: 1 | BJ12: 11 | BK12: 4 | BL12: 1 | BM12: 14 | BN12: 1 | BO12: 1 | BP12: 13 | BQ12: 1
B13: Joe Cassidy | C13: 20 | D13: 59 | E13: 93 | F13: Scotland | G13: Brixham | H13: £0 | I13: D C | J13: 43.32 | K13: 58.96 | L13: 1 | M13: 1 | N13: 1 | O13: 1 | P13: 5 | Q13: 1 | R13: 20 | S13: 1 | T13: 1 | U13: 5 | V13: 8 | W13: £6 | X13: 15 | Y13: 10 | Z13: 15 | AA13: 11 | AB13: 20 | AC13: 6 | AD13: 6 | AE13: 4 | AF13: 2 | AG13: 1 | AH13: 3 | AI13: 2 | AJ13: 2 | AK13: 3 | AL13: 2 | AM13: 3 | AN13: 3 | AO13: 1 | AP13: 5 | AQ13: 10 | AR13: 7 | AS13: 6 | AT13: 8 | AU13: 13 | AV13: 12 | AW13: 6 | AX13: 8 | AY13: 5 | AZ13: 13 | BA13: 5 | BB13: 5 | BC13: 5 | BD13: 2 | BE13: 1 | BF13: 1 | BG13: 1 | BH13: 5 | BI13: 1 | BJ13: 8 | BK13: 4 | BL13: 1 | BM13: 13 | BN13: 2 | BO13: 2 | BP13: 7 | BQ13: 1
... B25: Jayden Cumberbatch | C25: 16 | D25: 57 | E25: 144 | F25: Jamaica,England | G25: Brixham | H25: £2,201 | I25: D LC | J25: 49.16 | K25: 73.94 | L25: 1 | M25: 1 | N25: 1 | O25: 1 | P25: 1 | Q25: 16 | R25: 20 | S25: 1 | T25: 1 | U25: 7 | V25: 5 | W25: £11 | X25: 17 | Y25: 12 | Z25: 13 | AA25: 7 | AB25: 20 | AC25: 5 | AD25: 11 | AE25: 2 | AF25: 4 | AG25: 1 | AH25: 2 | AI25: 3 | AJ25: 2 | AK25: 3 | AL25: 2 | AM25: 2 | AN25: 1 | AO25: 1 | AP25: 19 | AQ25: 9 | AR25: 7 | AS25: 2 | AT25: 8 | AU25: 7 | AV25: 14 | AW25: 4 | AX25: 14 | AY25: 4 | AZ25: 6 | BA25: 5 | BB25: 5 | BC25: 6 | BD25: 3 | BE25: 5 | BF25: 3 | BG25: 1 | BH25: 7 | BI25: 6 | BJ25: 13 | BK25: 1 | BL25: 1 | BM25: 13 | BN25: 4 | BO25: 3 | BP25: 11 | BQ25: 12
B26: Jordan Wright | C26: 17 | D26: 45 | E26: 93 | F26: New Zealand,England | H26: (£1) | I26: ST | J26: 42.1 | K26: 63.82 | L26: 20 | M26: 1 | N26: 1 | O26: 1 | P26: 1 | Q26: 1 | R26: 1 | S26: 1 | T26: 1 | U26: 11 | V26: 8 | W26: £11 | X26: 7 | Y26: 20 | Z26: 14 | AA26: 8 | AB26: 12 | AC26: 9 | AD26: 6 | AE26: 2 | AF26: 3 | AG26: 3 | AH26: 2 | AI26: 2 | AJ26: 3 | AK26: 1 | AL26: 1 | AM26: 3 | AN26: 1 | AO26: 2 | AP26: 9 | AQ26: 7 | AR26: 16 | AS26: 7 | AT26: 4 | AU26: 9 | AV26: 5 | AW26: 7 | AX26: 5 | AY26: 8 | AZ26: 2 | BA26: 3 | BB26: 5 | BC26: 7 | BD26: 3 | BE26: 7 | BF26: 11 | BG26: 10 | BH26: 10 | BI26: 1 | BJ26: 6 | BK26: 4 | BL26: 3 | BM26: 3 | BN26: 7 | BO26: 4 | BP26: 2 | BQ26: 9
B27: Maxwell Redman | C27: 16 | D27: 57 | E27: 78 | F27: Australia,England | G27: Brixham | H27: £2,104 | I27: D LC | J27: 49.26 | K27: 62.05 | L27: 1 | M27: 1 | N27: 1 | O27: 1 | P27: 1 | Q27: 15 | R27: 20 | S27: 1 | T27: 1 | U27: 8 | V27: 7 | W27: £13 | X27: 13 | Y27: 20 | Z27: 12 | AA27: 11 | AB27: 7 | AC27: 6 | AD27: 6 | AE27: 1 | AF27: 3 | AG27: 1 | AH27: 1 | AI27: 3 | AJ27: 1 | AK27: 1 | AL27: 3 | AM27: 3 | AN27: 1 | AO27: 3 | AP27: 12 | AQ27: 6 | AR27: 17 | AS27: 7 | AT27: 9 | AU27: 9 | AV27: 14 | AW27: 2 | AX27: 12 | AY27: 3 | AZ27: 11 | BA27: 4 | BB27: 3 | BC27: 7 | BD27: 3 | BE27: 6 | BF27: 4 | BG27: 2 | BH27: 7 | BI27: 3 | BJ27: 11 | BK27: 4 | BL27: 4 | BM27: 12 | BN27: 5 | BO27: 2 | BP27: 10 | BQ27: 7
B28: Karnell Dunton | C28: 17 | D28: 35 | E28: 91 | F28: England | G28: Brixham | H28: £1,581 | I28: ST | J28: 39.24 | K28: 61.58 | L28: 20 | M28: 1 | N28: 1 | O28: 1 | P28: 1 | Q28: 1 | R28: 1 | S28: 1 | T28: 1 | U28: 11 | V28: 7 | W28: £4 | X28: 12 | Y28: 9 | Z28: 12 | AA28: 7 | AB28: 20 | AC28: 6 | AD28: 9 | AE28: 3 | AF28: 3 | AG28: 1 | AH28: 2 | AI28: 4 | AJ28: 3 | AK28: 1 | AL28: 1 | AM28: 3 | AN28: 3 | AO28: 1 | AP28: 10 | AQ28: 5 | AR28: 16 | AS28: 5 | AT28: 3 | AU28: 6 | AV28: 12 | AW28: 16 | AX28: 9 | AY28: 3 | AZ28: 4 | BA28: 10 | BB28: 3 | BC28: 5 | BD28: 5 | BE28: 2 | BF28: 9 | BG28: 7 | BH28: 10 | BI28: 8 | BJ28: 13 | BK28: 3 | BL28: 1 | BM28: 1 | BN28: 9 | BO28: 1 | BP28: 1 | BQ28: 15
B29: Joseph James | C29: 20 | D29: 60 | E29: 80 | F29: England | G29: Brixham | H29: £0 | I29: D RC | J29: 47.13 | K29: 58.91 | L29: 1 | M29: 1 | N29: 1 | O29: 1 | P29: 1 | Q29: 1 | R29: 16 | S29: 20 | T29: 1 | U29: 8 | V29: 9 | W29: £8 | X29: 13 | Y29: 10 | Z29: 11 | AA29: 11 | AB29: 20 | AC29: 6 | AD29: 7 | AE29: 1 | AF29: 1 | AG29: 3 | AH29: 3 | AI29: 3 | AJ29: 2 | AK29: 2 | AL29: 3 | AM29: 1 | AN29: 3 | AO29: 4 | AP29: 15 | AQ29: 7 | AR29: 11 | AS29: 12 | AT29: 7 | AU29: 12 | AV29: 5 | AW29: 6 | AX29: 4 | AY29: 5 | AZ29: 11 | BA29: 7 | BB29: 3 | BC29: 8 | BD29: 6 | BE29: 6 | BF29: 6 | BG29: 3 | BH29: 8 | BI29: 6 | BJ29: 9 | BK29: 4 | BL29: 10 | BM29: 9 | BN29: 6 | BO29: 1 | BP29: 11 | BQ29: 7
B30: Junior McQuilken | C30: 20 | D30: 40 | E30: 78 | F30: Scotland | G30: Brixham | H30: £0 | I30: D/WB L | J30: 38.84 | K30: 57.46 | L30: 1 | M30: 7 | N30: 1 | O30: 1 | P30: 1 | Q30: 20 | R30: 1 | S30: 1 | T30: 1 | U30: 13 | V30: 13 | W30: £3 | X30: 5 | Y30: 20 | Z30: 15 | AA30: 14 | AB30: 8 | AC30: 8 | AD30: 2 | AE30: 1 | AF30: 3 | AG30: 1 | AH30: 2 | AI30: 2 | AJ30: 3 | AK30: 4 | AL30: 3 | AM30: 2 | AN30: 2 | AO30: 3 | AP30: 10 | AQ30: 7 | AR30: 6 | AS30: 6 | AT30: 6 | AU30: 10 | AV30: 3 | AW30: 7 | AX30: 5 | AY30: 3 | AZ30: 6 | BA30: 7 | BB30: 2 | BC30: 6 | BD30: 3 | BE30: 8 | BF30: 6 | BG30: 2 | BH30: 5 | BI30: 1 | BJ30: 4 | BK30: 4 | BL30: 5 | BM30: 5 | BN30: 8 | BO30: 1 | BP30: 9 | BQ30: 10
B31: Nnaemeka Anyanwu | C31: 20 | D31: 46 | E31: 71 | F31: England | G31: Brixham | H31: £0 | I31: M/AM/ST L | J31: 42.24 | K31: 57.11 | L31: 18 | M31: 20 | N31: 12 | O31: 1 | P31: 1 | Q31: 1 | R31: 1 | S31: 1 | T31: 1 | U31: 13 | V31: 10 | W31: £6 | X31: 5 | Y31: 20 | Z31: 15 | AA31: 12 | AB31: 8 | AC31: 8 | AD31: 3 | AE31: 3 | AF31: 1 | AG31: 4 | AH31: 2 | AI31: 4 | AJ31: 1 | AK31: 3 | AL31: 3 | AM31: 3 | AN31: 1 | AO31: 3 | AP31: 12 | AQ31: 6 | AR31: 5 | AS31: 6 | AT31: 5 | AU31: 9 | AV31: 4 | AW31: 8 | AX31: 10 | AY31: 9 | AZ31: 4 | BA31: 4 | BB31: 5 | BC31: 6 | BD31: 3 | BE31: 6 | BF31: 10 | BG31: 9 | BH31: 4 | BI31: 3 | BJ31: 6 | BK31: 6 | BL31: 3 | BM31: 2 | BN31: 7 | BO31: 4 | BP31: 1 | BQ31: 9
B32: Gabe Reivers | C32: 19 | D32: 52 | E32: 81 | F32: England | G32: Brixham | H32: £0 | I32: M/AM C | J32: 41.79 | K32: 56.76 | L32: 1 | M32: 2 | N32: 17 | O32: 3 | P32: 7 | Q32: 1 | R32: 1 | S32: 1 | T32: 1 | U32: 7 | V32: 11 | W32: £5 | X32: 11 | Y32: 11 | Z32: 7 | AA32: 12 | AB32: 20 | AC32: 7 | AD32: 3 | AE32: 2 | AF32: 1 | AG32: 2 | AH32: 1 | AI32: 1 | AJ32: 1 | AK32: 2 | AL32: 1 | AM32: 1 | AN32: 3 | AO32: 2 | AP32: 10 | AQ32: 7 | AR32: 6 | AS32: 7 | AT32: 5 | AU32: 12 | AV32: 5 | AW32: 12 | AX32: 2 | AY32: 8 | AZ32: 4 | BA32: 5 | BB32: 11 | BC32: 10 | BD32: 4 | BE32: 3 | BF32: 7 | BG32: 8 | BH32: 13 | BI32: 3 | BJ32: 4 | BK32: 5 | BL32: 3 | BM32: 7 | BN32: 6 | BO32: 2 | BP32: 6 | BQ32: 12
B33: Joshua Adepoju | C33: 20 | D33: 53 | E33: 73 | F33: England | G33: Brixham | H33: £0 | I33: AM/ST R | J33: 44.1 | K33: 56.19 | L33: 20 | M33: 1 | N33: 13 | O33: 18 | P33: 1 | Q33: 1 | R33: 1 | S33: 1 | T33: 1 | U33: 11 | V33: 9 | W33: £9 | X33: 6 | Y33: 12 | Z33: 12 | AA33: 11 | AB33: 20 | AC33: 11 | AD33: 8 | AE33: 1 | AF33: 3 | AG33: 1 | AH33: 1 | AI33: 2 | AJ33: 3 | AK33: 1 | AL33: 2 | AM33: 2 | AN33: 1 | AO33: 3 | AP33: 6 | AQ33: 8 | AR33: 6 | AS33: 7 | AT33: 7 | AU33: 6 | AV33: 16 | AW33: 7 | AX33: 5 | AY33: 11 | AZ33: 8 | BA33: 7 | BB33: 6 | BC33: 9 | BD33: 5 | BE33: 7 | BF33: 11 | BG33: 8 | BH33: 7 | BI33: 6 | BJ33: 6 | BK33: 4 | BL33: 6 | BM33: 7 | BN33: 8 | BO33: 5 | BP33: 4 | BQ33: 7
B34: Connor Underhill | C34: 20 | D34: 55 | E34: 63 | F34: England | G34: Brixham | H34: £6,551 | I34: M C | J34: 46.2 | K34: 52.07 | L34: 1 | M34: 1 | N34: 15 | O34: 1 | P34: 3 | Q34: 1 | R34: 1 | S34: 3 | T34: 1 | U34: 9 | V34: 8 | W34: £7 | X34: 6 | Y34: 12 | Z34: 12 | AA34: 10 | AB34: 20 | AC34: 9 | AD34: 6 | AE34: 3 | AF34: 2 | AG34: 1 | AH34: 3 | AI34: 2 | AJ34: 2 | AK34: 2 | AL34: 2 | AM34: 3 | AN34: 3 | AO34: 1 | AP34: 6 | AQ34: 6 | AR34: 3 | AS34: 6 | AT34: 2 | AU34: 12 | AV34: 14 | AW34: 11 | AX34: 12 | AY34: 12 | AZ34: 5 | BA34: 13 | BB34: 8 | BC34: 8 | BD34: 5 | BE34: 7 | BF34: 6 | BG34: 8 | BH34: 14 | BI34: 5 | BJ34: 5 | BK34: 6 | BL34: 3 | BM34: 7 | BN34: 12 | BO34: 3 | BP34: 3 | BQ34: 12
B35: Scott Aldridge | C35: 16 | D35: 54 | E35: 59 | F35: England | G35: Brixham | H35: £1,914 | I35: M/AM RL | J35: 40.61 | K35: 44.06 | L35: 1 | M35: 12 | N35: 1 | O35: 16 | P35: 1 | Q35: 1 | R35: 1 | S35: 1 | T35: 1 | U35: 15 | V35: 12 | W35: £6 | X35: 5 | Y35: 11 | Z35: 16 | AA35: 13 | AB35: 20 | AC35: 9 | AD35: 3 | AE35: 3 | AF35: 3 | AG35: 1 | AH35: 3 | AI35: 2 | AJ35: 3 | AK35: 1 | AL35: 3 | AM35: 1 | AN35: 3 | AO35: 1 | AP35: 8 | AQ35: 4 | AR35: 4 | AS35: 5 | AT35: 4 | AU35: 4 | AV35: 4 | AW35: 6 | AX35: 9 | AY35: 6 | AZ35: 3 | BA35: 6 | BB35: 6 | BC35: 5 | BD35: 4 | BE35: 8 | BF35: 8 | BG35: 5 | BH35: 7 | BI35: 5 | BJ35: 5 | BK35: 6 | BL35: 3 | BM35: 3 | BN35: 6 | BO35: 1 | BP35: 4 | BQ35: 10
B36: Ashley Nicholls | C36: 16 | D36: 13 | E36: 61 | F36: England | G36: Brixham | H36: £1,232 | I36: ST | J36: 36.1 | K36: 62.96 | L36: 20 | M36: 1 | N36: 1 | O36: 1 | P36: 2 | Q36: 1 | R36: 1 | S36: 1 | T36: 1 | U36: 10 | V36: 10 | W36: £2 | X36: 9 | Y36: 9 | Z36: 12 | AA36: 11 | AB36: 20 | AC36: 4 | AD36: 1 | AE36: 1 | AF36: 3 | AG36: 3 | AH36: 1 | AI36: 4 | AJ36: 1 | AK36: 1 | AL36: 1 | AM36: 1 | AN36: 4 | AO36: 1 | AP36: 8 | AQ36: 5 | AR36: 7 | AS36: 7 | AT36: 2 | AU36: 4 | AV36: 13 | AW36: 11 | AX36: 10 | AY36: 6 | AZ36: 2 | BA36: 4 | BB36: 2 | BC36: 3 | BD36: 1 | BE36: 2 | BF36: 8 | BG36: 13 | BH36: 5 | BI36: 3 | BJ36: 4 | BK36: 2 | BL36: 2 | BM36: 1 | BN36: 1 | BO36: 6 | BP36: 1 | BQ36: 10
B37: Erdal Peker | C37: 16 | D37: 43 | E37: 98 | F37: England,Turkey | G37: Brixham | H37: £2,038 | I37: AM R | J37: 38.43 | K37: 58.91 | L37: 1 | M37: 1 | N37: 1 | O37: 20 | P37: 1 | Q37: 1 | R37: 1 | S37: 1 | T37: 1 | U37: 14 | V37: 12 | W37: £11 | X37: 4 | Y37: 10 | Z37: 13 | AA37: 13 | AB37: 20 | AC37: 6 | AD37: 1 | AE37: 3 | AF37: 3 | AG37: 2 | AH37: 2 | AI37: 3 | AJ37: 3 | AK37: 1 | AL37: 1 | AM37: 1 | AN37: 2 | AO37: 1 | AP37: 9 | AQ37: 4 | AR37: 8 | AS37: 4 | AT37: 3 | AU37: 3 | AV37: 8 | AW37: 11 | AX37: 6 | AY37: 5 | AZ37: 1 | BA37: 2 | BB37: 6 | BC37: 6 | BD37: 3 | BE37: 6 | BF37: 5 | BG37: 7 | BH37: 13 | BI37: 1 | BJ37: 1 | BK37: 2 | BL37: 3 | BM37: 1 | BN37: 7 | BO37: 1 | BP37: 1 | BQ37: 10
B38: Paul Jarvis | C38: 16 | D38: 58 | E38: 86 | F38: Wales,England | G38: Brixham | H38: £2,085 | I38: M/AM RL | J38: 42.69 | K38: 56.59 | L38: 1 | M38: 16 | N38: 1 | O38: 1 | P38: 1 | Q38: 1 | R38: 1 | S38: 1 | T38: 1 | U38: 11 | V38: 14 | W38: £9 | X38: 4 | Y38: 20 | Z38: 7 | AA38: 13 | AB38: 8 | AC38: 11 | AD38: 5 | AE38: 2 | AF38: 3 | AG38: 1 | AH38: 2 | AI38: 3 | AJ38: 3 | AK38: 1 | AL38: 3 | AM38: 2 | AN38: 1 | AO38: 2 | AP38: 12 | AQ38: 6 | AR38: 8 | AS38: 6 | AT38: 4 | AU38: 5 | AV38: 4 | AW38: 8 | AX38: 6 | AY38: 7 | AZ38: 2 | BA38: 10 | BB38: 5 | BC38: 15 | BD38: 6 | BE38: 8 | BF38: 10 | BG38: 6 | BH38: 6 | BI38: 11 | BJ38: 1 | BK38: 4 | BL38: 4 | BM38: 2 | BN38: 5 | BO38: 1 | BP38: 4 | BQ38: 8
B39: Jordan Tait | C39: 16 | D39: 37 | E39: 85 | F39: England | G39: Brixham | H39: £1,403 | I39: D L | J39: 36.26 | K39: 56.26 | L39: 1 | M39: 2 | N39: 1 | O39: 1 | P39: 1 | Q39: 20 | R39: 1 | S39: 6 | T39: 1 | U39: 11 | V39: 13 | W39: £4 | X39: 6 | Y39: 20 | Z39: 8 | AA39: 12 | AB39: 9 | AC39: 9 | AD39: 4 | AE39: 3 | AF39: 3 | AG39: 3 | AH39: 2 | AI39: 2 | AJ39: 2 | AK39: 3 | AL39: 1 | AM39: 1 | AN39: 3 | AO39: 3 | AP39: 7 | AQ39: 3 | AR39: 15 | AS39: 4 | AT39: 4 | AU39: 9 | AV39: 9 | AW39: 9 | AX39: 10 | AY39: 5 | AZ39: 6 | BA39: 9 | BB39: 3 | BC39: 13 | BD39: 2 | BE39: 6 | BF39: 4 | BG39: 3 | BH39: 4 | BI39: 2 | BJ39: 3 | BK39: 1 | BL39: 1 | BM39: 7 | BN39: 6 | BO39: 2 | BP39: 5 | BQ39: 9

Sheet Paste Full
A1: Number | B1: Inf | C1: Name | D1: Positions | E1: Nationalities | F1: CA | G1: PA | H1: Age | I1: Current Rep. | J1: Asking Price | K1: Condition (%) | L1: Banned | M1: Is Injured | N1: Fatigue | O1: Match Sharpness | P1: Consistency | Q1: Dirtiness | R1: Important Matches | S1: Injury Proneness | T1: Versatility | U1: Adaptability | V1: Ambition | W1: Controversy | X1: Loyalty | Y1: Pressure | Z1: Professional | AA1: Sportsmanship | AB1: Temperament | AC1: Acceleration | AD1: Agility | AE1: Balance | AF1: Jumping | AG1: Left Foot | AH1: Natural Fitness | AI1: Pace | AJ1: Right Foot | AK1: Stamina | AL1: Strength | AM1: Aerial Ability | AN1: Command Of Area | AO1: Communication | AP1: Eccentricity | AQ1: Handling | AR1: Kicking | AS1: One On Ones | AT1: Reflexes | AU1: Rushing Out | AV1: Tendency To Punch | AW1: Throwing | AX1: Aggression | AY1: Anticipation | AZ1: Bravery | BA1: Composure | BB1: Concentration | BC1: Decisions | BD1: Determination | BE1: Flair | BF1: Leadership | BG1: Off The Ball | BH1: Positioning | BI1: Teamwork | BJ1: Vision | BK1: Workrate | BL1: Corners | BM1: Crossing | BN1: Dribbling | BO1: Finishing | BP1: First Touch | BQ1: Freekicks | BR1: Heading | BS1: Long Shots | BT1: Longthrows | BU1: Marking | BV1: Passing | BW1: Penalty Taking | BX1: Tackling | BY1: Technique | BZ1: GoalKeeper | CA1: Defender Right | CB1: Defender Center | CC1: Defender Left | CD1: Defensive Midfielder | CE1: Attacking Mid. Right | CF1: Attacking Mid. Center | CG1: Attacking Mid. Left | CH1: Striker | CI1: Club
A2: 29 | C2: Allan Hall | D2: DM/M/AM C | E2: England,Australia | F2: 82 | G2: 146 | H2: 17 | I2: 1175 | J2: $3,320 | K2: 9560 | L2: False | M2: False | N2: 31 | O2: 9900 | P2: 13 | Q2: 8 | R2: 15 | S2: 8 | T2: 9 | U2: 11 | V2: 10 | W2: 7 | X2: 14 | Y2: 17 | Z2: 13 | AA2: 13 | AB2: 14 | AC2: 13 | AD2: 16 | AE2: $11 | AF2: 3 | AG2: 12 | AH2: 13 | AI2: 13 | AJ2: 20 | AK2: 14 | AL2: 5 | AM2: 3 | AN2: 1 | AO2: 2 | AP2: 2 | AQ2: 2 | AR2: 2 | AS2: 1 | AT2: 3 | AU2: 3 | AV2: 4 | AW2: 2 | AX2: 10 | AY2: 8 | AZ2: 13 | BA2: 7 | BB2: 3 | BC2: 10 | BD2: 13 | BE2: 11 | BF2: 1 | BG2: 6 | BH2: 3 | BI2: 7 | BJ2: 12 | BK2: 13 | BL2: 3 | BM2: 8 | BN2: 6 | BO2: 8 | BP2: 9 | BQ2: 3 | BR2: 3 | BS2: 6 | BT2: 2 | BU2: 3 | BV2: 10 | BW2: 6 | BX2: 3 | BY2: 9 | BZ2: 1 | CA2: 1 | CB2: 1 | CC2: 1 | CD2: 20 | CE2: 6 | CF2: 16 | CG2: 1 | CH2: 1
A3: 1 | C3: Ashley Sarahs | D3: GK | E3: Northern Ireland,England | F3: 93 | G3: 146 | H3: 18 | I3: 2095 | J3: $7,788 | K3: 9756 | L3: False | M3: False | N3: -52 | O3: 10000 | P3: 15 | Q3: 9 | R3: 12 | S3: 14 | T3: 12 | U3: 12 | V3: 12 | W3: 7 | X3: 10 | Y3: 11 | Z3: 11 | AA3: 9 | AB3: 8 | AC3: 10 | AD3: 11 | AE3: $9 | AF3: 16 | AG3: 16 | AH3: 7 | AI3: 9 | AJ3: 20 | AK3: 4 | AL3: 7 | AM3: 12 | AN3: 9 | AO3: 11 | AP3: 2 | AQ3: 16 | AR3: 6 | AS3: 12 | AT3: 15 | AU3: 15 | AV3: 5 | AW3: 8 | AX3: 10 | AY3: 14 | AZ3: 7 | BA3: 5 | BB3: 12 | BC3: 13 | BD3: 9 | BE3: 3 | BF3: 6 | BG3: 3 | BH3: 8 | BI3: 11 | BJ3: 2 | BK3: 8 | BL3: 4 | BM3: 1 | BN3: 3 | BO3: 1 | BP3: 6 | BQ3: 5 | BR3: 1 | BS3: 2 | BT3: 2 | BU3: 1 | BV3: 5 | BW3: 1 | BX3: 1 | BY3: 11 | BZ3: 20 | CA3: 1 | CB3: 1 | CC3: 1 | CD3: 1 | CE3: 1 | CF3: 1 | CG3: 1 | CH3: 1
A4: 62 | C4: Aston Daley | D4: M C | E4: England | F4: 76 | G4: 86 | H4: 21 | I4: 3249 | J4: $0 | K4: 10000 | L4: False | M4: False | N4: -283 | O4: 5750 | P4: 18 | Q4: 7 | R4: 8 | S4: 12 | T4: 12 | U4: 11 | V4: 10 | W4: 10 | X4: 10 | Y4: 9 | Z4: 11 | AA4: 10 | AB4: 10 | AC4: 15 | AD4: 11 | AE4: $11 | AF4: 8 | AG4: 9 | AH4: 13 | AI4: 15 | AJ4: 20 | AK4: 12 | AL4: 8 | AM4: 3 | AN4: 2 | AO4: 2 | AP4: 1 | AQ4: 2 | AR4: 2 | AS4: 1 | AT4: 1 | AU4: 3 | AV4: 2 | AW4: 2 | AX4: 12 | AY4: 10 | AZ4: 5 | BA4: 11 | BB4: 7 | BC4: 5 | BD4: 15 | BE4: 7 | BF4: 6 | BG4: 8 | BH4: 8 | BI4: 8 | BJ4: 10 | BK4: 13 | BL4: 6 | BM4: 7 | BN4: 8 | BO4: 6 | BP4: 12 | BQ4: 5 | BR4: 1 | BS4: 9 | BT4: 1 | BU4: 9 | BV4: 9 | BW4: 3 | BX4: 9 | BY4: 13 | BZ4: 1 | CA4: 1 | CB4: 1 | CC4: 1 | CD4: 1 | CE4: 3 | CF4: 1 | CG4: 1 | CH4: 1
A5: 7 | C5: Aydin Webb | D5: DM/M/AM RLC | E5: England | F5: 94 | G5: 135 | H5: 18 | I5: 1589 | J5: $4,251 | K5: 9215 | L5: False | M5: False | N5: 183 | O5: 10000 | P5: 11 | Q5: 14 | R5: 13 | S5: 11 | T5: 12 | U5: 11 | V5: 11 | W5: 6 | X5: 13 | Y5: 11 | Z5: 15 | AA5: 9 | AB5: 8 | AC5: 8 | AD5: 9 | AE5: $9 | AF5: 9 | AG5: 10 | AH5: 14 | AI5: 9 | AJ5: 20 | AK5: 14 | AL5: 9 | AM5: 2 | AN5: 2 | AO5: 3 | AP5: 1 | AQ5: 1 | AR5: 3 | AS5: 1 | AT5: 2 | AU5: 1 | AV5: 1 | AW5: 3 | AX5: 11 | AY5: 7 | AZ5: 9 | BA5: 10 | BB5: 12 | BC5: 13 | BD5: 17 | BE5: 11 | BF5: 10 | BG5: 11 | BH5: 8 | BI5: 14 | BJ5: 13 | BK5: 13 | BL5: 4 | BM5: 7 | BN5: 7 | BO5: 9 | BP5: 15 | BQ5: 5 | BR5: 4 | BS5: 8 | BT5: 3 | BU5: 8 | BV5: 10 | BW5: 4 | BX5: 10 | BY5: 12 | BZ5: 1 | CA5: 1 | CB5: 1 | CC5: 1 | CD5: 20 | CE5: 20 | CF5: 1 | CG5: 16 | CH5: 1
A6: 25 | C6: Daniel Willard | D6: AM L | E6: Northern Ireland,England | F6: 91 | G6: 149 | H6: 17 | I6: 1788 | J6: $5,854 | K6: 9617 | L6: True | M6: False | N6: 67 | O6: 10000 | P6: 9 | Q6: 14 | R6: 15 | S6: 4 | T6: 14 | U6: 11 | V6: 16 | W6: 16 | X6: 12 | Y6: 16 | Z6: 13 | AA6: 4 | AB6: 6 | AC6: 15 | AD6: 16 | AE6: $12 | AF6: 7 | AG6: 20 | AH6: 6 | AI6: 14 | AJ6: 11 | AK6: 14 | AL6: 6 | AM6: 3 | AN6: 1 | AO6: 1 | AP6: 2 | AQ6: 1 | AR6: 1 | AS6: 1 | AT6: 2 | AU6: 3 | AV6: 1 | AW6: 1 | AX6: 7 | AY6: 8 | AZ6: 10 | BA6: 9 | BB6: 5 | BC6: 7 | BD6: 18 | BE6: 12 | BF6: 7 | BG6: 10 | BH6: 4 | BI6: 6 | BJ6: 12 | BK6: 8 | BL6: 5 | BM6: 5 | BN6: 9 | BO6: 10 | BP6: 12 | BQ6: 8 | BR6: 6 | BS6: 5 | BT6: 3 | BU6: 5 | BV6: 10 | BW6: 7 | BX6: 3 | BY6: 11 | BZ6: 1 | CA6: 1 | CB6: 1 | CC6: 1 | CD6: 1 | CE6: 1 | CF6: 10 | CG6: 20 | CH6: 4
A7: 45 | C7: Donell Gordon | D7: M/AM RL | E7: England | F7: 44 | G7: 81 | H7: 22 | I7: 2587 | J7: $0 | K7: 7816 | L7: False | M7: False | N7: -270 | O7: 8400 | P7: 10 | Q7: 12 | R7: 8 | S7: 12 | T7: 8 | U7: 10 | V7: 10 | W7: 9 | X7: 10 | Y7: 10 | Z7: 11 | AA7: 10 | AB7: 10 | AC7: 12 | AD7: 12 | AE7: $2 | AF7: 3 | AG7: 12 | AH7: 8 | AI7: 11 | AJ7: 20 | AK7: 11 | AL7: 1 | AM7: 1 | AN7: 2 | AO7: 3 | AP7: 2 | AQ7: 4 | AR7: 1 | AS7: 1 | AT7: 2 | AU7: 1 | AV7: 2 | AW7: 1 | AX7: 12 | AY7: 6 | AZ7: 3 | BA7: 2 | BB7: 3 | BC7: 7 | BD7: 3 | BE7: 8 | BF7: 9 | BG7: 7 | BH7: 3 | BI7: 5 | BJ7: 3 | BK7: 9 | BL7: 4 | BM7: 9 | BN7: 10 | BO7: 4 | BP7: 10 | BQ7: 3 | BR7: 2 | BS7: 3 | BT7: 3 | BU7: 2 | BV7: 9 | BW7: 1 | BX7: 3 | BY7: 5 | BZ7: 1 | CA7: 1 | CB7: 1 | CC7: 1 | CD7: 1 | CE7: 20 | CF7: 2 | CG7: 16 | CH7: 1
A8: 28 | C8: Fletcher Poole | D8: M/AM RLC | E8: England | F8: 54 | G8: 85 | H8: 20 | I8: 2663 | J8: $0 | K8: 7919 | L8: False | M8: False | N8: -156 | O8: 9200 | P8: 5 | Q8: 6 | R8: 5 | S8: 12 | T8: 11 | U8: 10 | V8: 10 | W8: 10 | X8: 10 | Y8: 10 | Z8: 10 | AA8: 10 | AB8: 10 | AC8: 13 | AD8: 10 | AE8: $13 | AF8: 9 | AG8: 7 | AH8: 10 | AI8: 13 | AJ8: 20 | AK8: 9 | AL8: 4 | AM8: 1 | AN8: 3 | AO8: 4 | AP8: 3 | AQ8: 3 | AR8: 3 | AS8: 3 | AT8: 3 | AU8: 1 | AV8: 2 | AW8: 3 | AX8: 9 | AY8: 5 | AZ8: 6 | BA8: 8 | BB8: 4 | BC8: 4 | BD8: 9 | BE8: 11 | BF8: 7 | BG8: 7 | BH8: 3 | BI8: 11 | BJ8: 11 | BK8: 11 | BL8: 3 | BM8: 8 | BN8: 4 | BO8: 6 | BP8: 10 | BQ8: 3 | BR8: 3 | BS8: 4 | BT8: 3 | BU8: 2 | BV8: 6 | BW8: 1 | BX8: 4 | BY8: 11 | BZ8: 1 | CA8: 2 | CB8: 1 | CC8: 1 | CD8: 1 | CE8: 18 | CF8: 15 | CG8: 20 | CH8: 1
A9: 24 | C9: Gastón Ramírez | D9: AM/ST L | E9: Argentina,England | F9: 83 | G9: 140 | H9: 16 | I9: 1295 | J9: $3,577 | K9: 8201 | L9: False | M9: False | N9: 98 | O9: 8400 | P9: 11 | Q9: 8 | R9: 11 | S9: 2 | T9: 10 | U9: 7 | V9: 11 | W9: 8 | X9: 13 | Y9: 12 | Z9: 15 | AA9: 12 | AB9: 18 | AC9: 14 | AD9: 11 | AE9: $13 | AF9: 7 | AG9: 16 | AH9: 11 | AI9: 10 | AJ9: 20 | AK9: 8 | AL9: 7 | AM9: 1 | AN9: 1 | AO9: 4 | AP9: 1 | AQ9: 1 | AR9: 3 | AS9: 1 | AT9: 2 | AU9: 2 | AV9: 1 | AW9: 1 | AX9: 9 | AY9: 9 | AZ9: 5 | BA9: 7 | BB9: 5 | BC9: 6 | BD9: 14 | BE9: 15 | BF9: 12 | BG9: 11 | BH9: 6 | BI9: 8 | BJ9: 8 | BK9: 5 | BL9: 6 | BM9: 10 | BN9: 9 | BO9: 8 | BP9: 11 | BQ9: 5 | BR9: 14 | BS9: 9 | BT9: 3 | BU9: 2 | BV9: 10 | BW9: 8 | BX9: 4 | BY9: 14 | BZ9: 1 | CA9: 1 | CB9: 1 | CC9: 1 | CD9: 1 | CE9: 1 | CF9: 1 | CG9: 16 | CH9: 20
A10: 12 | C10: Gustavo Xavier | D10: D L | E10: Brazil | F10: 84 | G10: 107 | H10: 23 | I10: 4561 | J10: $115,348 | K10: 9646 | L10: False | M10: False | N10: -58 | O10: 9400 | P10: 11 | Q10: 11 | R10: 14 | S10: 9 | T10: 16 | U10: 10 | V10: 10 | W10: 10 | X10: 10 | Y10: 10 | Z10: 10 | AA10: 10 | AB10: 11 | AC10: 13 | AD10: 13 | AE10: $7 | AF10: 6 | AG10: 20 | AH10: 14 | AI10: 12 | AJ10: 5 | AK10: 14 | AL10: 8 | AM10: 3 | AN10: 1 | AO10: 1 | AP10: 3 | AQ10: 1 | AR10: 3 | AS10: 2 | AT10: 1 | AU10: 2 | AV10: 4 | AW10: 1 | AX10: 14 | AY10: 13 | AZ10: 10 | BA10: 9 | BB10: 12 | BC10: 12 | BD10: 9 | BE10: 9 | BF10: 4 | BG10: 10 | BH10: 12 | BI10: 11 | BJ10: 10 | BK10: 11 | BL10: 4 | BM10: 9 | BN10: 10 | BO10: 6 | BP10: 10 | BQ10: 3 | BR10: 8 | BS10: 3 | BT10: 11 | BU10: 8 | BV10: 10 | BW10: 5 | BX10: 7 | BY10: 10 | BZ10: 1 | CA10: 11 | CB10: 1 | CC10: 20 | CD10: 3 | CE10: 1 | CF10: 1 | CG10: 1 | CH10: 1
A11: 8 | C11: Hisashi Roddy | D11: D/WB RL | E11: England | F11: 101 | G11: 158 | H11: 17 | I11: 2573 | J11: $18,092 | K11: 9287 | L11: False | M11: False | N11: 138 | O11: 10000 | P11: 9 | Q11: 10 | R11: 15 | S11: 9 | T11: 10 | U11: 11 | V11: 10 | W11: 16 | X11: 10 | Y11: 17 | Z11: 11 | AA11: 5 | AB11: 7 | AC11: 13 | AD11: 12 | AE11: $15 | AF11: 12 | AG11: 15 | AH11: 18 | AI11: 11 | AJ11: 20 | AK11: 15 | AL11: 8 | AM11: 3 | AN11: 4 | AO11: 1 | AP11: 3 | AQ11: 1 | AR11: 1 | AS11: 1 | AT11: 2 | AU11: 1 | AV11: 3 | AW11: 1 | AX11: 14 | AY11: 12 | AZ11: 15 | BA11: 6 | BB11: 11 | BC11: 10 | BD11: 11 | BE11: 6 | BF11: 8 | BG11: 10 | BH11: 11 | BI11: 9 | BJ11: 11 | BK11: 14 | BL11: 2 | BM11: 7 | BN11: 6 | BO11: 2 | BP11: 9 | BQ11: 1 | BR11: 4 | BS11: 3 | BT11: 4 | BU11: 10 | BV11: 8 | BW11: 4 | BX11: 14 | BY11: 14 | BZ11: 1 | CA11: 20 | CB11: 1 | CC11: 16 | CD11: 1 | CE11: 1 | CF11: 1 | CG11: 1 | CH11: 1
A12: 27 | C12: Jamie McMurdo | D12: M C | E12: Scotland | F12: 69 | G12: 82 | H12: 20 | I12: 3250 | J12: $0 | K12: 10000 | L12: False | M12: False | N12: -224 | O12: 5500 | P12: 7 | Q12: 9 | R12: 7 | S12: 14 | T12: 13 | U12: 10 | V12: 10 | W12: 9 | X12: 11 | Y12: 9 | Z12: 11 | AA12: 10 | AB12: 11 | AC12: 14 | AD12: 11 | AE12: $14 | AF12: 11 | AG12: 8 | AH12: 8 | AI12: 11 | AJ12: 20 | AK12: 11 | AL12: 5 | AM12: 3 | AN12: 1 | AO12: 2 | AP12: 1 | AQ12: 1 | AR12: 2 | AS12: 4 | AT12: 2 | AU12: 3 | AV12: 2 | AW12: 3 | AX12: 12 | AY12: 10 | AZ12: 6 | BA12: 8 | BB12: 6 | BC12: 7 | BD12: 7 | BE12: 9 | BF12: 12 | BG12: 6 | BH12: 4 | BI12: 13 | BJ12: 9 | BK12: 13 | BL12: 5 | BM12: 11 | BN12: 8 | BO12: 5 | BP12: 11 | BQ12: 5 | BR12: 6 | BS12: 7 | BT12: 5 | BU12: 10 | BV12: 14 | BW12: 1 | BX12: 8 | BY12: 10 | BZ12: 1 | CA12: 1 | CB12: 1 | CC12: 1 | CD12: 1 | CE12: 12 | CF12: 2 | CG12: 1 | CH12: 1
A13: 26 | C13: Jayden Cumberbatch | D13: D LC | E13: Jamaica,England | F13: 80 | G13: 144 | H13: 17 | I13: 1616 | J13: $4,119 | K13: 9232 | L13: False | M13: False | N13: 76 | O13: 9900 | P13: 8 | Q13: 8 | R13: 15 | S13: 6 | T13: 12 | U13: 15 | V13: 5 | W13: 3 | X13: 14 | Y13: 16 | Z13: 7 | AA13: 14 | AB13: 17 | AC13: 9 | AD13: 6 | AE13: $10 | AF13: 17 | AG13: 12 | AH13: 13 | AI13: 8 | AJ13: 20 | AK13: 6 | AL13: 14 | AM13: 2 | AN13: 4 | AO13: 1 | AP13: 2 | AQ13: 3 | AR13: 2 | AS13: 3 | AT13: 2 | AU13: 2 | AV13: 1 | AW13: 1 | AX13: 19 | AY13: 11 | AZ13: 8 | BA13: 3 | BB13: 11 | BC13: 10 | BD13: 14 | BE13: 4 | BF13: 14 | BG13: 4 | BH13: 9 | BI13: 6 | BJ13: 8 | BK13: 7 | BL13: 3 | BM13: 4 | BN13: 4 | BO13: 1 | BP13: 6 | BQ13: 4 | BR13: 13 | BS13: 1 | BT13: 1 | BU13: 14 | BV13: 5 | BW13: 3 | BX13: 12 | BY13: 12 | BZ13: 1 | CA13: 1 | CB13: 20 | CC13: 16 | CD13: 1 | CE13: 1 | CF13: 1 | CG13: 1 | CH13: 1
... A19: 14 | C19: Mateusz Widz | D19: AM/ST R | E19: England,Poland | F19: 91 | G19: 139 | H19: 17 | I19: 1630 | J19: $5,318 | K19: 9521 | L19: False | M19: False | N19: 73 | O19: 10000 | P19: 13 | Q19: 11 | R19: 12 | S19: 11 | T19: 10 | U19: 10 | V19: 13 | W19: 4 | X19: 17 | Y19: 13 | Z19: 15 | AA19: 18 | AB19: 18 | AC19: 12 | AD19: 13 | AE19: $13 | AF19: 12 | AG19: 9 | AH19: 11 | AI19: 12 | AJ19: 20 | AK19: 9 | AL19: 8 | AM19: 2 | AN19: 3 | AO19: 2 | AP19: 1 | AQ19: 1 | AR19: 1 | AS19: 2 | AT19: 2 | AU19: 3 | AV19: 1 | AW19: 2 | AX19: 12 | AY19: 11 | AZ19: 12 | BA19: 10 | BB19: 5 | BC19: 11 | BD19: 13 | BE19: 15 | BF19: 9 | BG19: 12 | BH19: 6 | BI19: 14 | BJ19: 6 | BK19: 11 | BL19: 7 | BM19: 11 | BN19: 9 | BO19: 15 | BP19: 11 | BQ19: 6 | BR19: 5 | BS19: 5 | BT19: 1 | BU19: 7 | BV19: 11 | BW19: 7 | BX19: 5 | BY19: 14 | BZ19: 1 | CA19: 1 | CB19: 1 | CC19: 1 | CD19: 1 | CE19: 20 | CF19: 5 | CG19: 1 | CH19: 16
A20: 49 | C20: Mattia Mendolia | D20: M/AM C | E20: Italy | F20: 85 | G20: 101 | H20: 20 | I20: 4022 | J20: $126,078 | K20: 9481 | L20: False | M20: False | N20: -88 | O20: 9300 | P20: 10 | Q20: 11 | R20: 9 | S20: 15 | T20: 9 | U20: 10 | V20: 10 | W20: 10 | X20: 11 | Y20: 10 | Z20: 13 | AA20: 10 | AB20: 10 | AC20: 9 | AD20: 12 | AE20: $11 | AF20: 7 | AG20: 20 | AH20: 17 | AI20: 12 | AJ20: 5 | AK20: 12 | AL20: 8 | AM20: 2 | AN20: 3 | AO20: 1 | AP20: 3 | AQ20: 2 | AR20: 3 | AS20: 1 | AT20: 3 | AU20: 1 | AV20: 2 | AW20: 1 | AX20: 14 | AY20: 10 | AZ20: 7 | BA20: 11 | BB20: 7 | BC20: 12 | BD20: 16 | BE20: 14 | BF20: 3 | BG20: 12 | BH20: 10 | BI20: 9 | BJ20: 10 | BK20: 15 | BL20: 8 | BM20: 9 | BN20: 10 | BO20: 10 | BP20: 12 | BQ20: 7 | BR20: 6 | BS20: 12 | BT20: 7 | BU20: 6 | BV20: 13 | BW20: 6 | BX20: 9 | BY20: 15 | BZ20: 1 | CA20: 1 | CB20: 1 | CC20: 1 | CD20: 1 | CE20: 1 | CF20: 20 | CG20: 1 | CH20: 1 | CI20: Brixham
A21: 2 | C21: Nesbert Ncube | D21: D R | E21: Zimbabwe,England | F21: 71 | G21: 139 | H21: 16 | I21: 1204 | J21: $2,988 | K21: 9615 | L21: False | M21: False | N21: 74 | O21: 9700 | P21: 6 | Q21: 9 | R21: 9 | S21: 7 | T21: 11 | U21: 13 | V21: 19 | W21: 9 | X21: 13 | Y21: 4 | Z21: 10 | AA21: 12 | AB21: 11 | AC21: 12 | AD21: 10 | AE21: $7 | AF21: 6 | AG21: 8 | AH21: 7 | AI21: 10 | AJ21: 20 | AK21: 14 | AL21: 7 | AM21: 3 | AN21: 3 | AO21: 2 | AP21: 1 | AQ21: 2 | AR21: 1 | AS21: 3 | AT21: 1 | AU21: 1 | AV21: 2 | AW21: 3 | AX21: 10 | AY21: 9 | AZ21: 18 | BA21: 2 | BB21: 8 | BC21: 14 | BD21: 19 | BE21: 4 | BF21: 8 | BG21: 7 | BH21: 7 | BI21: 15 | BJ21: 5 | BK21: 13 | BL21: 4 | BM21: 11 | BN21: 6 | BO21: 3 | BP21: 6 | BQ21: 1 | BR21: 5 | BS21: 2 | BT21: 5 | BU21: 9 | BV21: 8 | BW21: 2 | BX21: 11 | BY21: 5 | BZ21: 1 | CA21: 20 | CB21: 1 | CC21: 9 | CD21: 1 | CE21: 1 | CF21: 1 | CG21: 1 | CH21: 1
A22: 63 | C22: Ollie Harrison | D22: DM/M C | E22: England | F22: 97 | G22: 124 | H22: 20 | I22: 4049 | J22: $813,173 | K22: 9333 | L22: False | M22: False | N22: -49 | O22: 9300 | P22: 19 | Q22: 5 | R22: 16 | S22: 7 | T22: 4 | U22: 11 | V22: 10 | W22: 9 | X22: 11 | Y22: 11 | Z22: 10 | AA22: 11 | AB22: 11 | AC22: 13 | AD22: 10 | AE22: $15 | AF22: 13 | AG22: 10 | AH22: 8 | AI22: 12 | AJ22: 20 | AK22: 10 | AL22: 13 | AM22: 1 | AN22: 1 | AO22: 3 | AP22: 1 | AQ22: 2 | AR22: 3 | AS22: 1 | AT22: 2 | AU22: 1 | AV22: 2 | AW22: 3 | AX22: 10 | AY22: 13 | AZ22: 10 | BA22: 11 | BB22: 10 | BC22: 11 | BD22: 12 | BE22: 5 | BF22: 13 | BG22: 10 | BH22: 13 | BI22: 12 | BJ22: 12 | BK22: 13 | BL22: 6 | BM22: 5 | BN22: 8 | BO22: 6 | BP22: 11 | BQ22: 8 | BR22: 8 | BS22: 5 | BT22: 6 | BU22: 10 | BV22: 12 | BW22: 3 | BX22: 10 | BY22: 12 | BZ22: 1 | CA22: 1 | CB22: 1 | CC22: 1 | CD22: 18 | CE22: 1 | CF22: 12 | CG22: 1 | CH22: 1 | CI22: Brixham
A23: 16 | C23: Paul Stroud | D23: AM/ST RC | E23: England | F23: 103 | G23: 156 | H23: 18 | I23: 2806 | J23: $32,663 | K23: 9660 | L23: False | M23: False | N23: 92 | O23: 10000 | P23: 9 | Q23: 8 | R23: 15 | S23: 4 | T23: 7 | U23: 11 | V23: 15 | W23: 5 | X23: 18 | Y23: 18 | Z23: 19 | AA23: 19 | AB23: 18 | AC23: 15 | AD23: 12 | AE23: $16 | AF23: 8 | AG23: 11 | AH23: 17 | AI23: 13 | AJ23: 20 | AK23: 14 | AL23: 7 | AM23: 3 | AN23: 4 | AO23: 1 | AP23: 2 | AQ23: 2 | AR23: 3 | AS23: 3 | AT23: 1 | AU23: 3 | AV23: 2 | AW23: 2 | AX23: 6 | AY23: 11 | AZ23: 8 | BA23: 8 | BB23: 5 | BC23: 9 | BD23: 12 | BE23: 14 | BF23: 12 | BG23: 11 | BH23: 4 | BI23: 13 | BJ23: 12 | BK23: 8 | BL23: 5 | BM23: 6 | BN23: 14 | BO23: 6 | BP23: 13 | BQ23: 4 | BR23: 6 | BS23: 8 | BT23: 2 | BU23: 6 | BV23: 11 | BW23: 7 | BX23: 4 | BY23: 15 | BZ23: 1 | CA23: 1 | CB23: 1 | CC23: 1 | CD23: 1 | CE23: 16 | CF23: 20 | CG23: 1 | CH23: 20
A24: 9 | C24: Scot Little | D24: AM/ST L | E24: Scotland,England | F24: 90 | G24: 163 | H24: 18 | I24: 2247 | J24: $4,552 | K24: 10000 | L24: False | M24: False | N24: -124 | O24: 8616 | P24: 15 | Q24: 14 | R24: 9 | S24: 6 | T24: 10 | U24: 8 | V24: 3 | W24: 8 | X24: 11 | Y24: 9 | Z24: 10 | AA24: 11 | AB24: 13 | AC24: 11 | AD24: 12 | AE24: $14 | AF24: 5 | AG24: 20 | AH24: 12 | AI24: 12 | AJ24: 13 | AK24: 11 | AL24: 4 | AM24: 1 | AN24: 1 | AO24: 3 | AP24: 3 | AQ24: 2 | AR24: 2 | AS24: 3 | AT24: 3 | AU24: 1 | AV24: 1 | AW24: 2 | AX24: 11 | AY24: 11 | AZ24: 5 | BA24: 12 | BB24: 5 | BC24: 11 | BD24: 3 | BE24: 13 | BF24: 6 | BG24: 13 | BH24: 3 | BI24: 15 | BJ24: 8 | BK24: 15 | BL24: 8 | BM24: 11 | BN24: 10 | BO24: 14 | BP24: 14 | BQ24: 4 | BR24: 8 | BS24: 5 | BT24: 2 | BU24: 4 | BV24: 9 | BW24: 6 | BX24: 1 | BY24: 14 | BZ24: 1 | CA24: 1 | CB24: 1 | CC24: 1 | CD24: 1 | CE24: 9 | CF24: 1 | CG24: 16 | CH24: 20
A25: 33 | C25: Taye Weir | D25: D/WB/M L | E25: England | F25: 55 | G25: 90 | H25: 22 | I25: 3230 | J25: $0 | K25: 7146 | L25: False | M25: False | N25: -151 | O25: 8100 | P25: 6 | Q25: 5 | R25: 10 | S25: 9 | T25: 13 | U25: 11 | V25: 10 | W25: 9 | X25: 10 | Y25: 10 | Z25: 11 | AA25: 11 | AB25: 10 | AC25: 14 | AD25: 12 | AE25: $5 | AF25: 9 | AG25: 20 | AH25: 11 | AI25: 12 | AJ25: 9 | AK25: 9 | AL25: 5 | AM25: 3 | AN25: 2 | AO25: 1 | AP25: 2 | AQ25: 1 | AR25: 3 | AS25: 1 | AT25: 1 | AU25: 3 | AV25: 3 | AW25: 2 | AX25: 10 | AY25: 9 | AZ25: 5 | BA25: 6 | BB25: 11 | BC25: 8 | BD25: 12 | BE25: 5 | BF25: 13 | BG25: 6 | BH25: 7 | BI25: 6 | BJ25: 6 | BK25: 7 | BL25: 4 | BM25: 8 | BN25: 6 | BO25: 3 | BP25: 10 | BQ25: 3 | BR25: 4 | BS25: 4 | BT25: 3 | BU25: 9 | BV25: 5 | BW25: 1 | BX25: 10 | BY25: 7 | BZ25: 1 | CA25: 1 | CB25: 1 | CC25: 20 | CD25: 4 | CE25: 1 | CF25: 1 | CG25: 1 | CH25: 1
A26: 6 | C26: Will Hancox | D26: M/AM R | E26: England | F26: 40 | G26: 50 | H26: 30 | I26: 2559 | J26: $0 | K26: 10000 | L26: False | M26: False | N26: -500 | O26: 6000 | P26: 20 | Q26: 1 | R26: 20 | S26: 1 | T26: 20 | U26: 20 | V26: 20 | W26: 1 | X26: 20 | Y26: 20 | Z26: 20 | AA26: 20 | AB26: 20 | AC26: 12 | AD26: 9 | AE26: $5 | AF26: 8 | AG26: 9 | AH26: 9 | AI26: 10 | AJ26: 20 | AK26: 12 | AL26: 4 | AM26: 3 | AN26: 1 | AO26: 3 | AP26: 3 | AQ26: 3 | AR26: 4 | AS26: 3 | AT26: 2 | AU26: 3 | AV26: 2 | AW26: 3 | AX26: 13 | AY26: 8 | AZ26: 2 | BA26: 6 | BB26: 3 | BC26: 8 | BD26: 12 | BE26: 6 | BF26: 13 | BG26: 5 | BH26: 3 | BI26: 6 | BJ26: 4 | BK26: 11 | BL26: 4 | BM26: 10 | BN26: 5 | BO26: 4 | BP26: 10 | BQ26: 4 | BR26: 4 | BS26: 2 | BT26: 3 | BU26: 4 | BV26: 7 | BW26: 1 | BX26: 1 | BY26: 6 | BZ26: 1 | CA26: 1 | CB26: 1 | CC26: 1 | CD26: 3 | CE26: 18 | CF26: 2 | CG26: 1 | CH26: 1
A27: 4 | C27: Zach Awe | D27: D/DM C | E27: England,Nigeria,Saint Lucia | F27: 85 | G27: 121 | H27: 23 | I27: 4681 | J27: $326,706 | K27: 9765 | L27: False | M27: False | N27: 20 | O27: 10000 | P27: 8 | Q27: 8 | R27: 7 | S27: 7 | T27: 10 | U27: 13 | V27: 12 | W27: 6 | X27: 10 | Y27: 9 | Z27: 15 | AA27: 13 | AB27: 13 | AC27: 12 | AD27: 11 | AE27: $11 | AF27: 14 | AG27: 10 | AH27: 10 | AI27: 11 | AJ27: 20 | AK27: 11 | AL27: 13 | AM27: 3 | AN27: 2 | AO27: 3 | AP27: 2 | AQ27: 1 | AR27: 2 | AS27: 2 | AT27: 2 | AU27: 2 | AV27: 1 | AW27: 3 | AX27: 11 | AY27: 12 | AZ27: 12 | BA27: 10 | BB27: 8 | BC27: 8 | BD27: 12 | BE27: 7 | BF27: 7 | BG27: 7 | BH27: 11 | BI27: 10 | BJ27: 10 | BK27: 11 | BL27: 1 | BM27: 4 | BN27: 9 | BO27: 4 | BP27: 10 | BQ27: 4 | BR27: 11 | BS27: 5 | BT27: 2 | BU27: 9 | BV27: 9 | BW27: 4 | BX27: 11 | BY27: 11 | BZ27: 1 | CA27: 1 | CB27: 20 | CC27: 1 | CD27: 16 | CE27: 1 | CF27: 1 | CG27: 1 | CH27: 1
A28: 20 | C28: Abdelaziz El Hariri | D28: GK | E28: Morocco,England | F28: 65 | G28: 140 | H28: 16 | I28: 1130 | J28: $1,818 | K28: 9770 | L28: False | M28: False | N28: 93 | O28: 9200 | P28: 6 | Q28: 12 | R28: 5 | S28: 13 | T28: 10 | U28: 12 | V28: 17 | W28: 15 | X28: 17 | Y28: 16 | Z28: 17 | AA28: 16 | AB28: 16 | AC28: 6 | AD28: 10 | AE28: $5 | AF28: 13 | AG28: 11 | AH28: 11 | AI28: 7 | AJ28: 20 | AK28: 6 | AL28: 8 | AM28: 10 | AN28: 9 | AO28: 8 | AP28: 8 | AQ28: 13 | AR28: 9 | AS28: 10 | AT28: 13 | AU28: 14 | AV28: 7 | AW28: 7 | AX28: 12 | AY28: 5 | AZ28: 6 | BA28: 6 | BB28: 10 | BC28: 12 | BD28: 11 | BE28: 2 | BF28: 4 | BG28: 3 | BH28: 11 | BI28: 2 | BJ28: 3 | BK28: 3 | BL28: 3 | BM28: 3 | BN28: 2 | BO28: 3 | BP28: 2 | BQ28: 4 | BR28: 1 | BS28: 3 | BT28: 3 | BU28: 2 | BV28: 5 | BW28: 2 | BX28: 3 | BY28: 6 | BZ28: 20 | CA28: 1 | CB28: 1 | CC28: 1 | CD28: 1 | CE28: 1 | CF28: 1 | CG28: 1 | CH28: 1
A29: 15 | C29: Aiden Warne | D29: ST | E29: England | F29: 40 | G29: 77 | H29: 20 | I29: 1226 | J29: $0 | K29: 10000 | L29: False | M29: False | N29: -225 | O29: 6300 | P29: 14 | Q29: 15 | R29: 7 | S29: 11 | T29: 8 | U29: 10 | V29: 10 | W29: 10 | X29: 10 | Y29: 10 | Z29: 10 | AA29: 10 | AB29: 10 | AC29: 11 | AD29: 10 | AE29: $6 | AF29: 3 | AG29: 11 | AH29: 16 | AI29: 10 | AJ29: 20 | AK29: 10 | AL29: 4 | AM29: 1 | AN29: 2 | AO29: 2 | AP29: 3 | AQ29: 1 | AR29: 2 | AS29: 1 | AT29: 2 | AU29: 3 | AV29: 4 | AW29: 3 | AX29: 12 | AY29: 6 | AZ29: 4 | BA29: 7 | BB29: 2 | BC29: 9 | BD29: 15 | BE29: 6 | BF29: 4 | BG29: 10 | BH29: 2 | BI29: 2 | BJ29: 1 | BK29: 4 | BL29: 2 | BM29: 3 | BN29: 12 | BO29: 12 | BP29: 9 | BQ29: 3 | BR29: 12 | BS29: 2 | BT29: 1 | BU29: 1 | BV29: 1 | BW29: 2 | BX29: 1 | BY29: 4 | BZ29: 1 | CA29: 1 | CB29: 1 | CC29: 1 | CD29: 1 | CE29: 1 | CF29: 1 | CG29: 1 | CH29: 20
A30: 53 | C30: Alessandro Trapasso | D30: D/WB R | E30: England | F30: 42 | G30: 80 | H30: 20 | I30: 435 | J30: $0 | K30: 10000 | L30: False | M30: False | N30: -224 | O30: 6050 | P30: 7 | Q30: 11 | R30: 14 | S30: 13 | T30: 10 | U30: 10 | V30: 10 | W30: 10 | X30: 10 | Y30: 10 | Z30: 10 | AA30: 10 | AB30: 10 | AC30: 11 | AD30: 10 | AE30: $7 | AF30: 9 | AG30: 10 | AH30: 11 | AI30: 12 | AJ30: 20 | AK30: 5 | AL30: 5 | AM30: 1 | AN30: 4 | AO30: 1 | AP30: 4 | AQ30: 2 | AR30: 3 | AS30: 3 | AT30: 3 | AU30: 3 | AV30: 2 | AW30: 3 | AX30: 5 | AY30: 6 | AZ30: 7 | BA30: 6 | BB30: 6 | BC30: 11 | BD30: 7 | BE30: 5 | BF30: 11 | BG30: 5 | BH30: 7 | BI30: 7 | BJ30: 6 | BK30: 7 | BL30: 4 | BM30: 10 | BN30: 2 | BO30: 3 | BP30: 9 | BQ30: 2 | BR30: 6 | BS30: 1 | BT30: 4 | BU30: 8 | BV30: 6 | BW30: 2 | BX30: 12 | BY30: 6 | BZ30: 1 | CA30: 20 | CB30: 1 | CC30: 1 | CD30: 1 | CE30: 1 | CF30: 1 | CG30: 1 | CH30: 1
A31: -1 | C31: Amani Bowlin | D31: D C | E31: England | F31: 33 | G31: 81 | H31: 20 | I31: 612 | J31: $0 | K31: 10000 | L31: False | M31: False | N31: -224 | O31: 5850 | P31: 10 | Q31: 11 | R31: 10 | S31: 12 | T31: 6 | U31: 10 | V31: 10 | W31: 10 | X31: 11 | Y31: 10 | Z31: 10 | AA31: 10 | AB31: 10 | AC31: 13 | AD31: 11 | AE31: $15 | AF31: 7 | AG31: 11 | AH31: 7 | AI31: 10 | AJ31: 20 | AK31: 6 | AL31: 6 | AM31: 2 | AN31: 2 | AO31: 3 | AP31: 2 | AQ31: 2 | AR31: 2 | AS31: 3 | AT31: 1 | AU31: 1 | AV31: 1 | AW31: 2 | AX31: 10 | AY31: 12 | AZ31: 7 | BA31: 4 | BB31: 6 | BC31: 7 | BD31: 13 | BE31: 6 | BF31: 11 | BG31: 7 | BH31: 4 | BI31: 7 | BJ31: 5 | BK31: 7 | BL31: 3 | BM31: 5 | BN31: 5 | BO31: 1 | BP31: 5 | BQ31: 1 | BR31: 7 | BS31: 1 | BT31: 1 | BU31: 6 | BV31: 7 | BW31: 1 | BX31: 7 | BY31: 8 | BZ31: 1 | CA31: 1 | CB31: 20 | CC31: 1 | CD31: 1 | CE31: 1 | CF31: 1 | CG31: 1 | CH31: 1
A32: -1 | C32: Ben Scothern | D32: D C | E32: England | F32: 35 | G32: 90 | H32: 19 | I32: 265 | J32: $0 | K32: 10000 | L32: False | M32: False | N32: -222 | O32: 6100 | P32: 7 | Q32: 5 | R32: 9 | S32: 10 | T32: 9 | U32: 10 | V32: 10 | W32: 10 | X32: 10 | Y32: 10 | Z32: 11 | AA32: 10 | AB32: 10 | AC32: 10 | AD32: 10 | AE32: $5 | AF32: 8 | AG32: 10 | AH32: 11 | AI32: 10 | AJ32: 20 | AK32: 5 | AL32: 5 | AM32: 1 | AN32: 2 | AO32: 3 | AP32: 1 | AQ32: 2 | AR32: 3 | AS32: 1 | AT32: 2 | AU32: 1 | AV32: 1 | AW32: 2 | AX32: 10 | AY32: 9 | AZ32: 6 | BA32: 3 | BB32: 5 | BC32: 12 | BD32: 9 | BE32: 5 | BF32: 1 | BG32: 3 | BH32: 9 | BI32: 3 | BJ32: 3 | BK32: 5 | BL32: 3 | BM32: 1 | BN32: 1 | BO32: 1 | BP32: 3 | BQ32: 1 | BR32: 10 | BS32: 1 | BT32: 3 | BU32: 9 | BV32: 4 | BW32: 1 | BX32: 7 | BY32: 3 | BZ32: 1 | CA32: 1 | CB32: 20 | CC32: 1 | CD32: 1 | CE32: 4 | CF32: 1 | CG32: 1 | CH32: 1
A33: 44 | C33: Benjamin Martin-Coward | D33: DM/M C | E33: England | F33: 45 | G33: 84 | H33: 20 | I33: 1745 | J33: $0 | K33: 8304 | L33: False | M33: False | N33: -159 | O33: 8800 | P33: 7 | Q33: 12 | R33: 10 | S33: 7 | T33: 9 | U33: 10 | V33: 10 | W33: 10 | X33: 10 | Y33: 10 | Z33: 10 | AA33: 10 | AB33: 10 | AC33: 13 | AD33: 9 | AE33: $5 | AF33: 6 | AG33: 7 | AH33: 12 | AI33: 13 | AJ33: 20 | AK33: 9 | AL33: 1 | AM33: 1 | AN33: 1 | AO33: 3 | AP33: 2 | AQ33: 1 | AR33: 3 | AS33: 1 | AT33: 2 | AU33: 2 | AV33: 1 | AW33: 3 | AX33: 10 | AY33: 7 | AZ33: 4 | BA33: 5 | BB33: 4 | BC33: 10 | BD33: 12 | BE33: 5 | BF33: 6 | BG33: 5 | BH33: 7 | BI33: 6 | BJ33: 14 | BK33: 7 | BL33: 4 | BM33: 1 | BN33: 3 | BO33: 4 | BP33: 11 | BQ33: 3 | BR33: 4 | BS33: 8 | BT33: 1 | BU33: 8 | BV33: 11 | BW33: 1 | BX33: 5 | BY33: 6 | BZ33: 1 | CA33: 1 | CB33: 1 | CC33: 1 | CD33: 20 | CE33: 1 | CF33: 1 | CG33: 1 | CH33: 1
A34: -1 | C34: Brogan Popham | D34: D/WB/M L | E34: Wales | F34: 55 | G34: 90 | H34: 19 | I34: 746 | J34: $0 | K34: 10000 | L34: False | M34: False | N34: -224 | O34: 6250 | P34: 6 | Q34: 5 | R34: 9 | S34: 6 | T34: 9 | U34: 10 | V34: 10 | W34: 10 | X34: 10 | Y34: 10 | Z34: 10 | AA34: 10 | AB34: 10 | AC34: 13 | AD34: 11 | AE34: $5 | AF34: 8 | AG34: 10 | AH34: 15 | AI34: 12 | AJ34: 20 | AK34: 14 | AL34: 6 | AM34: 1 | AN34: 2 | AO34: 1 | AP34: 1 | AQ34: 3 | AR34: 2 | AS34: 1 | AT34: 2 | AU34: 3 | AV34: 3 | AW34: 3 | AX34: 7 | AY34: 6 | AZ34: 6 | BA34: 4 | BB34: 7 | BC34: 8 | BD34: 12 | BE34: 7 | BF34: 3 | BG34: 5 | BH34: 5 | BI34: 7 | BJ34: 6 | BK34: 8 | BL34: 4 | BM34: 6 | BN34: 6 | BO34: 1 | BP34: 9 | BQ34: 5 | BR34: 3 | BS34: 2 | BT34: 5 | BU34: 6 | BV34: 6 | BW34: 4 | BX34: 8 | BY34: 7 | BZ34: 1 | CA34: 1 | CB34: 1 | CC34: 16 | CD34: 1 | CE34: 1 | CF34: 1 | CG34: 10 | CH34: 1
... A70: 58 | C70: Danny Stewart | D70: AM/ST RC | E70: England,Northern Ireland | F70: 31 | G70: 73 | H70: 16 | I70: 610 | J70: $1,441 | K70: 9237 | L70: False | M70: False | N70: 88 | O70: 9800 | P70: 4 | Q70: 13 | R70: 9 | S70: 9 | T70: 9 | U70: 6 | V70: 5 | W70: 9 | X70: 14 | Y70: 11 | Z70: 12 | AA70: 13 | AB70: 11 | AC70: 14 | AD70: 11 | AE70: $7 | AF70: 4 | AG70: 8 | AH70: 13 | AI70: 11 | AJ70: 20 | AK70: 7 | AL70: 2 | AM70: 3 | AN70: 2 | AO70: 2 | AP70: 3 | AQ70: 1 | AR70: 2 | AS70: 4 | AT70: 3 | AU70: 1 | AV70: 3 | AW70: 1 | AX70: 10 | AY70: 2 | AZ70: 18 | BA70: 4 | BB70: 2 | BC70: 5 | BD70: 3 | BE70: 8 | BF70: 4 | BG70: 7 | BH70: 1 | BI70: 14 | BJ70: 3 | BK70: 10 | BL70: 3 | BM70: 7 | BN70: 3 | BO70: 5 | BP70: 3 | BQ70: 1 | BR70: 4 | BS70: 2 | BT70: 1 | BU70: 5 | BV70: 7 | BW70: 4 | BX70: 1 | BY70: 8 | BZ70: 1 | CA70: 1 | CB70: 1 | CC70: 1 | CD70: 1 | CE70: 16 | CF70: 16 | CG70: 1 | CH70: 20
A71: -1 | C71: Erdal Peker | D71: AM R | E71: England,Turkey | F71: 57 | G71: 98 | H71: 17 | I71: 1055 | J71: $3,415 | K71: 9538 | L71: False | M71: False | N71: 35 | O71: 10000 | P71: 6 | Q71: 12 | R71: 12 | S71: 3 | T71: 11 | U71: 5 | V71: 10 | W71: 11 | X71: 10 | Y71: 12 | Z71: 11 | AA71: 9 | AB71: 10 | AC71: 15 | AD71: 13 | AE71: $13 | AF71: 4 | AG71: 10 | AH71: 13 | AI71: 13 | AJ71: 20 | AK71: 9 | AL71: 2 | AM71: 3 | AN71: 3 | AO71: 2 | AP71: 2 | AQ71: 3 | AR71: 3 | AS71: 1 | AT71: 1 | AU71: 1 | AV71: 2 | AW71: 1 | AX71: 9 | AY71: 5 | AZ71: 8 | BA71: 5 | BB71: 3 | BC71: 6 | BD71: 8 | BE71: 12 | BF71: 6 | BG71: 7 | BH71: 1 | BI71: 2 | BJ71: 7 | BK71: 7 | BL71: 3 | BM71: 6 | BN71: 5 | BO71: 6 | BP71: 13 | BQ71: 1 | BR71: 1 | BS71: 2 | BT71: 3 | BU71: 2 | BV71: 7 | BW71: 2 | BX71: 1 | BY71: 11 | BZ71: 1 | CA71: 1 | CB71: 1 | CC71: 1 | CD71: 1 | CE71: 20 | CF71: 10 | CG71: 1 | CH71: 1 | CI71: Mousehole AFC
A72: 61 | C72: Henry Gregory | D72: M/AM L | E72: England | F72: 61 | G72: 90 | H72: 16 | I72: 1117 | J72: $2,298 | K72: 10000 | L72: False | M72: False | N72: 73 | O72: 6600 | P72: 7 | Q72: 16 | R72: 12 | S72: 9 | T72: 9 | U72: 7 | V72: 17 | W72: 12 | X72: 17 | Y72: 18 | Z72: 17 | AA72: 17 | AB72: 17 | AC72: 13 | AD72: 14 | AE72: $7 | AF72: 1 | AG72: 9 | AH72: 14 | AI72: 12 | AJ72: 20 | AK72: 12 | AL72: 3 | AM72: 3 | AN72: 2 | AO72: 3 | AP72: 2 | AQ72: 2 | AR72: 3 | AS72: 1 | AT72: 2 | AU72: 2 | AV72: 1 | AW72: 4 | AX72: 11 | AY72: 6 | AZ72: 8 | BA72: 6 | BB72: 3 | BC72: 6 | BD72: 8 | BE72: 14 | BF72: 4 | BG72: 7 | BH72: 2 | BI72: 7 | BJ72: 7 | BK72: 6 | BL72: 4 | BM72: 9 | BN72: 8 | BO72: 5 | BP72: 9 | BQ72: 8 | BR72: 9 | BS72: 3 | BT72: 1 | BU72: 5 | BV72: 6 | BW72: 4 | BX72: 2 | BY72: 13 | BZ72: 1 | CA72: 2 | CB72: 1 | CC72: 2 | CD72: 1 | CE72: 1 | CF72: 1 | CG72: 16 | CH72: 1
A73: 51 | C73: Jowan Purnell | D73: DM/M/AM C | E73: England,Northern Ireland | F73: 63 | G73: 95 | H73: 16 | I73: 1134 | J73: $2,306 | K73: 5880 | L73: False | M73: False | N73: 175 | O73: 10000 | P73: 6 | Q73: 6 | R73: 13 | S73: 11 | T73: 9 | U73: 12 | V73: 15 | W73: 4 | X73: 19 | Y73: 18 | Z73: 18 | AA73: 19 | AB73: 18 | AC73: 9 | AD73: 10 | AE73: $12 | AF73: 8 | AG73: 9 | AH73: 4 | AI73: 9 | AJ73: 20 | AK73: 12 | AL73: 5 | AM73: 1 | AN73: 4 | AO73: 3 | AP73: 3 | AQ73: 1 | AR73: 2 | AS73: 2 | AT73: 2 | AU73: 1 | AV73: 1 | AW73: 3 | AX73: 12 | AY73: 6 | AZ73: 5 | BA73: 8 | BB73: 6 | BC73: 13 | BD73: 3 | BE73: 9 | BF73: 7 | BG73: 9 | BH73: 10 | BI73: 8 | BJ73: 11 | BK73: 6 | BL73: 8 | BM73: 6 | BN73: 5 | BO73: 5 | BP73: 11 | BQ73: 4 | BR73: 1 | BS73: 6 | BT73: 4 | BU73: 8 | BV73: 14 | BW73: 6 | BX73: 8 | BY73: 6 | BZ73: 1 | CA73: 1 | CB73: 1 | CC73: 1 | CD73: 20 | CE73: 1 | CF73: 16 | CG73: 1 | CH73: 1
A74: 60 | C74: Mamadou Kanté | D74: D RL | E74: England,Guinea | F74: 44 | G74: 63 | H74: 16 | I74: 998 | J74: $2,005 | K74: 9150 | L74: False | M74: False | N74: 87 | O74: 9200 | P74: 6 | Q74: 11 | R74: 7 | S74: 7 | T74: 12 | U74: 12 | V74: 3 | W74: 8 | X74: 13 | Y74: 8 | Z74: 11 | AA74: 11 | AB74: 12 | AC74: 11 | AD74: 9 | AE74: $8 | AF74: 9 | AG74: 20 | AH74: 11 | AI74: 10 | AJ74: 7 | AK74: 12 | AL74: 4 | AM74: 3 | AN74: 2 | AO74: 3 | AP74: 3 | AQ74: 3 | AR74: 3 | AS74: 1 | AT74: 1 | AU74: 3 | AV74: 2 | AW74: 3 | AX74: 10 | AY74: 8 | AZ74: 10 | BA74: 5 | BB74: 9 | BC74: 11 | BD74: 3 | BE74: 5 | BF74: 14 | BG74: 7 | BH74: 9 | BI74: 13 | BJ74: 5 | BK74: 8 | BL74: 5 | BM74: 7 | BN74: 7 | BO74: 1 | BP74: 6 | BQ74: 3 | BR74: 4 | BS74: 4 | BT74: 4 | BU74: 5 | BV74: 5 | BW74: 2 | BX74: 7 | BY74: 6 | BZ74: 1 | CA74: 16 | CB74: 1 | CC74: 20 | CD74: 1 | CE74: 1 | CF74: 1 | CG74: 1 | CH74: 1
A75: 23 | C75: Nathan Vaughan | D75: M/AM R | E75: England | F75: 37 | G75: 97 | H75: 16 | I75: 790 | J75: $1,774 | K75: 9601 | L75: False | M75: False | N75: 82 | O75: 10000 | P75: 6 | Q75: 15 | R75: 10 | S75: 9 | T75: 14 | U75: 12 | V75: 16 | W75: 9 | X75: 18 | Y75: 16 | Z75: 17 | AA75: 17 | AB75: 18 | AC75: 11 | AD75: 8 | AE75: $13 | AF75: 9 | AG75: 9 | AH75: 15 | AI75: 8 | AJ75: 20 | AK75: 11 | AL75: 7 | AM75: 3 | AN75: 2 | AO75: 2 | AP75: 1 | AQ75: 2 | AR75: 1 | AS75: 3 | AT75: 1 | AU75: 1 | AV75: 1 | AW75: 4 | AX75: 18 | AY75: 7 | AZ75: 5 | BA75: 6 | BB75: 4 | BC75: 5 | BD75: 5 | BE75: 10 | BF75: 6 | BG75: 5 | BH75: 4 | BI75: 10 | BJ75: 4 | BK75: 7 | BL75: 7 | BM75: 12 | BN75: 7 | BO75: 4 | BP75: 5 | BQ75: 11 | BR75: 1 | BS75: 3 | BT75: 3 | BU75: 3 | BV75: 8 | BW75: 6 | BX75: 3 | BY75: 7 | BZ75: 1 | CA75: 1 | CB75: 1 | CC75: 1 | CD75: 1 | CE75: 16 | CF75: 1 | CG75: 1 | CH75: 1
A76: 32 | C76: Paul Jarvis | D76: M/AM RL | E76: Wales,England | F76: 64 | G76: 86 | H76: 17 | I76: 924 | J76: $0 | K76: 8614 | L76: False | M76: False | N76: 41 | O76: 10000 | P76: 6 | Q76: 10 | R76: 9 | S76: 12 | T76: 9 | U76: 17 | V76: 6 | W76: 6 | X76: 11 | Y76: 9 | Z76: 14 | AA76: 11 | AB76: 11 | AC76: 11 | AD76: 14 | AE76: $10 | AF76: 3 | AG76: 20 | AH76: 7 | AI76: 14 | AJ76: 8 | AK76: 12 | AL76: 5 | AM76: 2 | AN76: 3 | AO76: 1 | AP76: 2 | AQ76: 3 | AR76: 3 | AS76: 1 | AT76: 3 | AU76: 2 | AV76: 1 | AW76: 2 | AX76: 12 | AY76: 7 | AZ76: 8 | BA76: 5 | BB76: 3 | BC76: 7 | BD76: 4 | BE76: 9 | BF76: 7 | BG76: 8 | BH76: 1 | BI76: 9 | BJ76: 5 | BK76: 14 | BL76: 4 | BM76: 9 | BN76: 11 | BO76: 5 | BP76: 7 | BQ76: 8 | BR76: 1 | BS76: 4 | BT76: 3 | BU76: 2 | BV76: 6 | BW76: 1 | BX76: 3 | BY76: 8 | BZ76: 1 | CA76: 1 | CB76: 1 | CC76: 1 | CD76: 1 | CE76: 4 | CF76: 3 | CG76: 20 | CH76: 1
A77: -1 | C77: Scott Aldridge | D77: M/AM RL | E77: England | F77: 54 | G77: 59 | H77: 17 | I77: 1215 | J77: $3,337 | K77: 9369 | L77: False | M77: False | N77: 27 | O77: 9900 | P77: 9 | Q77: 5 | R77: 13 | S77: 2 | T77: 13 | U77: 14 | V77: 8 | W77: 10 | X77: 11 | Y77: 12 | Z77: 3 | AA77: 12 | AB77: 13 | AC77: 15 | AD77: 11 | AE77: $6 | AF77: 5 | AG77: 11 | AH77: 16 | AI77: 13 | AJ77: 20 | AK77: 10 | AL77: 3 | AM77: 3 | AN77: 3 | AO77: 1 | AP77: 3 | AQ77: 2 | AR77: 3 | AS77: 1 | AT77: 3 | AU77: 1 | AV77: 3 | AW77: 1 | AX77: 8 | AY77: 4 | AZ77: 4 | BA77: 5 | BB77: 3 | BC77: 5 | BD77: 4 | BE77: 6 | BF77: 9 | BG77: 6 | BH77: 3 | BI77: 6 | BJ77: 6 | BK77: 5 | BL77: 4 | BM77: 8 | BN77: 8 | BO77: 4 | BP77: 7 | BQ77: 4 | BR77: 5 | BS77: 5 | BT77: 3 | BU77: 3 | BV77: 6 | BW77: 1 | BX77: 4 | BY77: 10 | BZ77: 1 | CA77: 2 | CB77: 1 | CC77: 1 | CD77: 1 | CE77: 20 | CF77: 1 | CG77: 13 | CH77: 1 | CI77: Tonbridge Angels
A78: 5 | C78: Tyler Stalley | D78: D RC | E78: England | F78: 65 | G78: 91 | H78: 16 | I78: 1120 | J78: $2,178 | K78: 6430 | L78: False | M78: False | N78: 158 | O78: 10000 | P78: 15 | Q78: 13 | R78: 12 | S78: 2 | T78: 11 | U78: 13 | V78: 17 | W78: 8 | X78: 17 | Y78: 17 | Z78: 17 | AA78: 18 | AB78: 18 | AC78: 7 | AD78: 8 | AE78: $13 | AF78: 12 | AG78: 9 | AH78: 9 | AI78: 10 | AJ78: 20 | AK78: 7 | AL78: 9 | AM78: 2 | AN78: 2 | AO78: 3 | AP78: 3 | AQ78: 1 | AR78: 2 | AS78: 3 | AT78: 3 | AU78: 1 | AV78: 3 | AW78: 1 | AX78: 11 | AY78: 11 | AZ78: 7 | BA78: 3 | BB78: 10 | BC78: 8 | BD78: 11 | BE78: 8 | BF78: 8 | BG78: 6 | BH78: 12 | BI78: 7 | BJ78: 6 | BK78: 6 | BL78: 4 | BM78: 8 | BN78: 3 | BO78: 5 | BP78: 8 | BQ78: 5 | BR78: 12 | BS78: 4 | BT78: 2 | BU78: 15 | BV78: 6 | BW78: 2 | BX78: 10 | BY78: 5 | BZ78: 1 | CA78: 19 | CB78: 20 | CC78: 5 | CD78: 1 | CE78: 1 | CF78: 1 | CG78: 1 | CH78: 1

Sheet Display
A1: Name | B1: Best Position | C1: Age | D1: CA | E1: PA | F1: Nationalities | G1: Club | H1: Asking Price | I1: Positions | J1: Striker | K1: AM(L) | L1: AM(C) | M1: AM(R) | N1: DM(L) | O1: DM(R) | P1: D(C) | Q1: D(R/L) | R1: GK | S1: Acceleration | T1: Agility | U1: Balance | V1: Jumping | W1: Natural Fitness | X1: Pace | Y1: Stamina | Z1: Strength | AA1: Aerial Ability | AB1: Command of Area | AC1: Communication | AD1: Eccentricity | AE1: Handling | AF1: Kicking | AG1: One on Ones | AH1: Tendency to Punch | AI1: Reflexes | AJ1: Rushing Out | AK1: Throwing | AL1: Aggression | AM1: Anticipation | AN1: Bravery | AO1: Composure | AP1: Concentration | AQ1: Decisions | AR1: Determination | AS1: Flair | AT1: Leadership | AU1: Off The Ball | AV1: Positioning | AW1: Teamwork | AX1: Vision | AY1: Work Rate | AZ1: Crossing | BA1: Dribbling | BB1: Finishing | BC1: First Touch | BD1: Heading | BE1: Long Shots | BF1: Marking | BG1: Passing | BH1: Tackling | BI1: Technique | BJ1: Corners | BK1: Free Kicks | BL1: Long Throws | BM1: Penalty Taking
A2: =IF(ISBLANK('Paste Full'!C2),"",'Paste Full'!C2) | B2: =INDEX($J$1:$R$1, MATCH(MAX($J2:$R2), $J2:$R2, 0)) | C2: =IF(ISBLANK('Paste Full'!H2),"",'Paste Full'!H2) | D2: =IF(ISBLANK('Paste Full'!F2),"",'Paste Full'!F2) | E2: =IF(ISBLANK('Paste Full'!G2),"",'Paste Full'!G2) | F2: =IF(ISBLANK('Paste Full'!E2),"",'Paste Full'!E2) | G2: =IF(ISBLANK('Paste Full'!CI2),"",'Paste Full'!CI2) | H2: =IF(ISBLANK('Paste Full'!J2),"",'Paste Full'!J2) | I2: =IF(ISBLANK('Paste Full'!D2),"",'Paste Full'!D2) | J2: =AVERAGE(SUMPRODUCT($S2:$BM2,AttWeights!$C$10:$AW$10)/SUM(AttWeights!$C$10:$AW$10),SUMPRODUCT($S2:$BM2,AttWeights!$C$17:$AW$17)/SUM(AttWeights!$C$17:$AW$17))*10 | K2: =AVERAGE(SUMPRODUCT($S2:$BM2,AttWeights!$C$7:$AW$7)/SUM(AttWeights!$C$7:$AW$7),SUMPRODUCT($S2:$BM2,AttWeights!$C$15:$AW$15)/SUM(AttWeights!$C$15:$AW$15))*10 | L2: =AVERAGE(SUMPRODUCT($S2:$BM2,AttWeights!$C$8:$AW$8)/SUM(AttWeights!$C$8:$AW$8),SUMPRODUCT($S2:$BM2,AttWeights!$C$16:$AW$16)/SUM(AttWeights!$C$16:$AW$16))*10 | M2: =AVERAGE(SUMPRODUCT($S2:$BM2,AttWeights!$C$9:$AW$9)/SUM(AttWeights!$C$9:$AW$9),SUMPRODUCT($S2:$BM2,AttWeights!$C$15:$AW$15)/SUM(AttWeights!$C$15:$AW$15))*10 | N2: =AVERAGE(SUMPRODUCT($S2:$BM2,AttWeights!$C$6:$AW$6)/SUM(AttWeights!$C$6:$AW$6),SUMPRODUCT($S2:$BM2,AttWeights!$C$14:$AW$14)/SUM(AttWeights!$C$14:$AW$14))*10 | O2: =AVERAGE(SUMPRODUCT($S2:$BM2,AttWeights!$C$5:$AW$5)/SUM(AttWeights!$C$5:$AW$5),SUMPRODUCT($S2:$BM2,AttWeights!$C$14:$AW$14)/SUM(AttWeights!$C$14:$AW$14))*10 | P2: =AVERAGE(SUMPRODUCT($S2:$BM2,AttWeights!$C$4:$AW$4)/SUM(AttWeights!$C$4:$AW$4),SUMPRODUCT($S2:$BM2,AttWeights!$C$13:$AW$13)/SUM(AttWeights!$C$13:$AW$13))*10 | Q2: =AVERAGE(SUMPRODUCT($S2:$BM2,AttWeights!$C$3:$AW$3)/SUM(AttWeights!$C$3:$AW$3),SUMPRODUCT($S2:$BM2,AttWeights!$C$12:$AW$12)/SUM(AttWeights!$C$12:$AW$12))*10 | R2: =AVERAGE(SUMPRODUCT($S2:$BM2,AttWeights!$C$2:$AW$2)/SUM(AttWeights!$C$2:$AW$2),SUMPRODUCT($S2:$BM2,AttWeights!$C$11:$AW$11)/SUM(AttWeights!$C$11:$AW$11))*10 | S2: =IF(ISBLANK('Paste Full'!AC2),"",'Paste Full'!AC2) | T2: =IF(ISBLANK('Paste Full'!AD2),"",'Paste Full'!AD2) | U2: =IF(ISBLANK('Paste Full'!AE2),"",'Paste Full'!AE2) | V2: =IF(ISBLANK('Paste Full'!AF2),"",'Paste Full'!AF2) | W2: =IF(ISBLANK('Paste Full'!AH2),"",'Paste Full'!AH2) | X2: =IF(ISBLANK('Paste Full'!AI2),"",'Paste Full'!AI2) | Y2: =IF(ISBLANK('Paste Full'!AK2),"",'Paste Full'!AK2) | Z2: =IF(ISBLANK('Paste Full'!AL2),"",'Paste Full'!AL2) | AA2: =IF(ISBLANK('Paste Full'!AM2),"",'Paste Full'!AM2) | AB2: =IF(ISBLANK('Paste Full'!AN2),"",'Paste Full'!AN2) | AC2: =IF(ISBLANK('Paste Full'!AO2),"",'Paste Full'!AO2) | AD2: =IF(ISBLANK('Paste Full'!AP2),"",'Paste Full'!AP2) | AE2: =IF(ISBLANK('Paste Full'!AQ2),"",'Paste Full'!AQ2) | AF2: =IF(ISBLANK('Paste Full'!AR2),"",'Paste Full'!AR2) | AG2: =IF(ISBLANK('Paste Full'!AS2),"",'Paste Full'!AS2) | AH2: =IF(ISBLANK('Paste Full'!AV2),"",'Paste Full'!AV2) | AI2: =IF(ISBLANK('Paste Full'!AT2),"",'Paste Full'!AT2) | AJ2: =IF(ISBLANK('Paste Full'!AU2),"",'Paste Full'!AU2) | AK2: =IF(ISBLANK('Paste Full'!AW2),"",'Paste Full'!AW2) | AL2: =IF(ISBLANK('Paste Full'!AX2),"",'Paste Full'!AX2) | AM2: =IF(ISBLANK('Paste Full'!AY2),"",'Paste Full'!AY2) | AN2: =IF(ISBLANK('Paste Full'!AZ2),"",'Paste Full'!AZ2) | AO2: =IF(ISBLANK('Paste Full'!BA2),"",'Paste Full'!BA2) | AP2: =IF(ISBLANK('Paste Full'!BB2),"",'Paste Full'!BB2) | AQ2: =IF(ISBLANK('Paste Full'!BC2),"",'Paste Full'!BC2) | AR2: =IF(ISBLANK('Paste Full'!BD2),"",'Paste Full'!BD2) | ... AY2: =IF(ISBLANK('Paste Full'!BK2),"",'Paste Full'!BK2) | AZ2: =IF(ISBLANK('Paste Full'!BM2),"",'Paste Full'!BM2) | BA2: =IF(ISBLANK('Paste Full'!BN2),"",'Paste Full'!BN2) | BB2: =IF(ISBLANK('Paste Full'!BO2),"",'Paste Full'!BO2) | BC2: =IF(ISBLANK('Paste Full'!BP2),"",'Paste Full'!BP2) | BD2: =IF(ISBLANK('Paste Full'!BR2),"",'Paste Full'!BR2) | BE2: =IF(ISBLANK('Paste Full'!BS2),"",'Paste Full'!BS2) | BF2: =IF(ISBLANK('Paste Full'!BU2),"",'Paste Full'!BU2) | BG2: =IF(ISBLANK('Paste Full'!BV2),"",'Paste Full'!BV2) | BH2: =IF(ISBLANK('Paste Full'!BX2),"",'Paste Full'!BX2) | BI2: =IF(ISBLANK('Paste Full'!BY2),"",'Paste Full'!BY2) | BJ2: =IF(ISBLANK('Paste Full'!BL2),"",'Paste Full'!BL2) | BK2: =IF(ISBLANK('Paste Full'!BQ2),"",'Paste Full'!BQ2) | BL2: =IF(ISBLANK('Paste Full'!BT2),"",'Paste Full'!BT2) | BM2: =IF(ISBLANK('Paste Full'!BW2),"",'Paste Full'!BW2)
A3: =IF(ISBLANK('Paste Full'!C3),"",'Paste Full'!C3) | B3: =INDEX($J$1:$R$1, MATCH(MAX($J3:$R3), $J3:$R3, 0)) | C3: =IF(ISBLANK('Paste Full'!H3),"",'Paste Full'!H3) | D3: =IF(ISBLANK('Paste Full'!F3),"",'Paste Full'!F3) | E3: =IF(ISBLANK('Paste Full'!G3),"",'Paste Full'!G3) | F3: =IF(ISBLANK('Paste Full'!E3),"",'Paste Full'!E3) | G3: =IF(ISBLANK('Paste Full'!CI3),"",'Paste Full'!CI3) | H3: =IF(ISBLANK('Paste Full'!J3),"",'Paste Full'!J3) | I3: =IF(ISBLANK('Paste Full'!D3),"",'Paste Full'!D3) | J3: =AVERAGE(SUMPRODUCT($S3:$BM3,AttWeights!$C$10:$AW$10)/SUM(AttWeights!$C$10:$AW$10),SUMPRODUCT($S3:$BM3,AttWeights!$C$17:$AW$17)/SUM(AttWeights!$C$17:$AW$17))*10 | K3: =AVERAGE(SUMPRODUCT($S3:$BM3,AttWeights!$C$7:$AW$7)/SUM(AttWeights!$C$7:$AW$7),SUMPRODUCT($S3:$BM3,AttWeights!$C$15:$AW$15)/SUM(AttWeights!$C$15:$AW$15))*10 | L3: =AVERAGE(SUMPRODUCT($S3:$BM3,AttWeights!$C$8:$AW$8)/SUM(AttWeights!$C$8:$AW$8),SUMPRODUCT($S3:$BM3,AttWeights!$C$16:$AW$16)/SUM(AttWeights!$C$16:$AW$16))*10 | M3: =AVERAGE(SUMPRODUCT($S3:$BM3,AttWeights!$C$9:$AW$9)/SUM(AttWeights!$C$9:$AW$9),SUMPRODUCT($S3:$BM3,AttWeights!$C$15:$AW$15)/SUM(AttWeights!$C$15:$AW$15))*10 | N3: =AVERAGE(SUMPRODUCT($S3:$BM3,AttWeights!$C$6:$AW$6)/SUM(AttWeights!$C$6:$AW$6),SUMPRODUCT($S3:$BM3,AttWeights!$C$14:$AW$14)/SUM(AttWeights!$C$14:$AW$14))*10 | O3: =AVERAGE(SUMPRODUCT($S3:$BM3,AttWeights!$C$5:$AW$5)/SUM(AttWeights!$C$5:$AW$5),SUMPRODUCT($S3:$BM3,AttWeights!$C$14:$AW$14)/SUM(AttWeights!$C$14:$AW$14))*10 | P3: =AVERAGE(SUMPRODUCT($S3:$BM3,AttWeights!$C$4:$AW$4)/SUM(AttWeights!$C$4:$AW$4),SUMPRODUCT($S3:$BM3,AttWeights!$C$13:$AW$13)/SUM(AttWeights!$C$13:$AW$13))*10 | Q3: =AVERAGE(SUMPRODUCT($S3:$BM3,AttWeights!$C$3:$AW$3)/SUM(AttWeights!$C$3:$AW$3),SUMPRODUCT($S3:$BM3,AttWeights!$C$12:$AW$12)/SUM(AttWeights!$C$12:$AW$12))*10 | R3: =AVERAGE(SUMPRODUCT($S3:$BM3,AttWeights!$C$2:$AW$2)/SUM(AttWeights!$C$2:$AW$2),SUMPRODUCT($S3:$BM3,AttWeights!$C$11:$AW$11)/SUM(AttWeights!$C$11:$AW$11))*10 | S3: =IF(ISBLANK('Paste Full'!AC3),"",'Paste Full'!AC3) | T3: =IF(ISBLANK('Paste Full'!AD3),"",'Paste Full'!AD3) | U3: =IF(ISBLANK('Paste Full'!AE3),"",'Paste Full'!AE3) | V3: =IF(ISBLANK('Paste Full'!AF3),"",'Paste Full'!AF3) | W3: =IF(ISBLANK('Paste Full'!AH3),"",'Paste Full'!AH3) | X3: =IF(ISBLANK('Paste Full'!AI3),"",'Paste Full'!AI3) | Y3: =IF(ISBLANK('Paste Full'!AK3),"",'Paste Full'!AK3) | Z3: =IF(ISBLANK('Paste Full'!AL3),"",'Paste Full'!AL3) | AA3: =IF(ISBLANK('Paste Full'!AM3),"",'Paste Full'!AM3) | AB3: =IF(ISBLANK('Paste Full'!AN3),"",'Paste Full'!AN3) | AC3: =IF(ISBLANK('Paste Full'!AO3),"",'Paste Full'!AO3) | AD3: =IF(ISBLANK('Paste Full'!AP3),"",'Paste Full'!AP3) | AE3: =IF(ISBLANK('Paste Full'!AQ3),"",'Paste Full'!AQ3) | AF3: =IF(ISBLANK('Paste Full'!AR3),"",'Paste Full'!AR3) | AG3: =IF(ISBLANK('Paste Full'!AS3),"",'Paste Full'!AS3) | AH3: =IF(ISBLANK('Paste Full'!AV3),"",'Paste Full'!AV3) | AI3: =IF(ISBLANK('Paste Full'!AT3),"",'Paste Full'!AT3) | AJ3: =IF(ISBLANK('Paste Full'!AU3),"",'Paste Full'!AU3) | AK3: =IF(ISBLANK('Paste Full'!AW3),"",'Paste Full'!AW3) | AL3: =IF(ISBLANK('Paste Full'!AX3),"",'Paste Full'!AX3) | AM3: =IF(ISBLANK('Paste Full'!AY3),"",'Paste Full'!AY3) | AN3: =IF(ISBLANK('Paste Full'!AZ3),"",'Paste Full'!AZ3) | AO3: =IF(ISBLANK('Paste Full'!BA3),"",'Paste Full'!BA3) | AP3: =IF(ISBLANK('Paste Full'!BB3),"",'Paste Full'!BB3) | AQ3: =IF(ISBLANK('Paste Full'!BC3),"",'Paste Full'!BC3) | AR3: =IF(ISBLANK('Paste Full'!BD3),"",'Paste Full'!BD3) | ... AY3: =IF(ISBLANK('Paste Full'!BK3),"",'Paste Full'!BK3) | AZ3: =IF(ISBLANK('Paste Full'!BM3),"",'Paste Full'!BM3) | BA3: =IF(ISBLANK('Paste Full'!BN3),"",'Paste Full'!BN3) | BB3: =IF(ISBLANK('Paste Full'!BO3),"",'Paste Full'!BO3) | BC3: =IF(ISBLANK('Paste Full'!BP3),"",'Paste Full'!BP3) | BD3: =IF(ISBLANK('Paste Full'!BR3),"",'Paste Full'!BR3) | BE3: =IF(ISBLANK('Paste Full'!BS3),"",'Paste Full'!BS3) | BF3: =IF(ISBLANK('Paste Full'!BU3),"",'Paste Full'!BU3) | BG3: =IF(ISBLANK('Paste Full'!BV3),"",'Paste Full'!BV3) | BH3: =IF(ISBLANK('Paste Full'!BX3),"",'Paste Full'!BX3) | BI3: =IF(ISBLANK('Paste Full'!BY3),"",'Paste Full'!BY3) | BJ3: =IF(ISBLANK('Paste Full'!BL3),"",'Paste Full'!BL3) | BK3: =IF(ISBLANK('Paste Full'!BQ3),"",'Paste Full'!BQ3) | BL3: =IF(ISBLANK('Paste Full'!BT3),"",'Paste Full'!BT3) | BM3: =IF(ISBLANK('Paste Full'!BW3),"",'Paste Full'!BW3)
A4: =IF(ISBLANK('Paste Full'!C4),"",'Paste Full'!C4) | B4: =INDEX($J$1:$R$1, MATCH(MAX($J4:$R4), $J4:$R4, 0)) | C4: =IF(ISBLANK('Paste Full'!H4),"",'Paste Full'!H4) | D4: =IF(ISBLANK('Paste Full'!F4),"",'Paste Full'!F4) | E4: =IF(ISBLANK('Paste Full'!G4),"",'Paste Full'!G4) | F4: =IF(ISBLANK('Paste Full'!E4),"",'Paste Full'!E4) | G4: =IF(ISBLANK('Paste Full'!CI4),"",'Paste Full'!CI4) | H4: =IF(ISBLANK('Paste Full'!J4),"",'Paste Full'!J4) | I4: =IF(ISBLANK('Paste Full'!D4),"",'Paste Full'!D4) | J4: =AVERAGE(SUMPRODUCT($S4:$BM4,AttWeights!$C$10:$AW$10)/SUM(AttWeights!$C$10:$AW$10),SUMPRODUCT($S4:$BM4,AttWeights!$C$17:$AW$17)/SUM(AttWeights!$C$17:$AW$17))*10 | K4: =AVERAGE(SUMPRODUCT($S4:$BM4,AttWeights!$C$7:$AW$7)/SUM(AttWeights!$C$7:$AW$7),SUMPRODUCT($S4:$BM4,AttWeights!$C$15:$AW$15)/SUM(AttWeights!$C$15:$AW$15))*10 | L4: =AVERAGE(SUMPRODUCT($S4:$BM4,AttWeights!$C$8:$AW$8)/SUM(AttWeights!$C$8:$AW$8),SUMPRODUCT($S4:$BM4,AttWeights!$C$16:$AW$16)/SUM(AttWeights!$C$16:$AW$16))*10 | M4: =AVERAGE(SUMPRODUCT($S4:$BM4,AttWeights!$C$9:$AW$9)/SUM(AttWeights!$C$9:$AW$9),SUMPRODUCT($S4:$BM4,AttWeights!$C$15:$AW$15)/SUM(AttWeights!$C$15:$AW$15))*10 | N4: =AVERAGE(SUMPRODUCT($S4:$BM4,AttWeights!$C$6:$AW$6)/SUM(AttWeights!$C$6:$AW$6),SUMPRODUCT($S4:$BM4,AttWeights!$C$14:$AW$14)/SUM(AttWeights!$C$14:$AW$14))*10 | O4: =AVERAGE(SUMPRODUCT($S4:$BM4,AttWeights!$C$5:$AW$5)/SUM(AttWeights!$C$5:$AW$5),SUMPRODUCT($S4:$BM4,AttWeights!$C$14:$AW$14)/SUM(AttWeights!$C$14:$AW$14))*10 | P4: =AVERAGE(SUMPRODUCT($S4:$BM4,AttWeights!$C$4:$AW$4)/SUM(AttWeights!$C$4:$AW$4),SUMPRODUCT($S4:$BM4,AttWeights!$C$13:$AW$13)/SUM(AttWeights!$C$13:$AW$13))*10 | Q4: =AVERAGE(SUMPRODUCT($S4:$BM4,AttWeights!$C$3:$AW$3)/SUM(AttWeights!$C$3:$AW$3),SUMPRODUCT($S4:$BM4,AttWeights!$C$12:$AW$12)/SUM(AttWeights!$C$12:$AW$12))*10 | R4: =AVERAGE(SUMPRODUCT($S4:$BM4,AttWeights!$C$2:$AW$2)/SUM(AttWeights!$C$2:$AW$2),SUMPRODUCT($S4:$BM4,AttWeights!$C$11:$AW$11)/SUM(AttWeights!$C$11:$AW$11))*10 | S4: =IF(ISBLANK('Paste Full'!AC4),"",'Paste Full'!AC4) | T4: =IF(ISBLANK('Paste Full'!AD4),"",'Paste Full'!AD4) | U4: =IF(ISBLANK('Paste Full'!AE4),"",'Paste Full'!AE4) | V4: =IF(ISBLANK('Paste Full'!AF4),"",'Paste Full'!AF4) | W4: =IF(ISBLANK('Paste Full'!AH4),"",'Paste Full'!AH4) | X4: =IF(ISBLANK('Paste Full'!AI4),"",'Paste Full'!AI4) | Y4: =IF(ISBLANK('Paste Full'!AK4),"",'Paste Full'!AK4) | Z4: =IF(ISBLANK('Paste Full'!AL4),"",'Paste Full'!AL4) | AA4: =IF(ISBLANK('Paste Full'!AM4),"",'Paste Full'!AM4) | AB4: =IF(ISBLANK('Paste Full'!AN4),"",'Paste Full'!AN4) | AC4: =IF(ISBLANK('Paste Full'!AO4),"",'Paste Full'!AO4) | AD4: =IF(ISBLANK('Paste Full'!AP4),"",'Paste Full'!AP4) | AE4: =IF(ISBLANK('Paste Full'!AQ4),"",'Paste Full'!AQ4) | AF4: =IF(ISBLANK('Paste Full'!AR4),"",'Paste Full'!AR4) | AG4: =IF(ISBLANK('Paste Full'!AS4),"",'Paste Full'!AS4) | AH4: =IF(ISBLANK('Paste Full'!AV4),"",'Paste Full'!AV4) | AI4: =IF(ISBLANK('Paste Full'!AT4),"",'Paste Full'!AT4) | AJ4: =IF(ISBLANK('Paste Full'!AU4),"",'Paste Full'!AU4) | AK4: =IF(ISBLANK('Paste Full'!AW4),"",'Paste Full'!AW4) | AL4: =IF(ISBLANK('Paste Full'!AX4),"",'Paste Full'!AX4) | AM4: =IF(ISBLANK('Paste Full'!AY4),"",'Paste Full'!AY4) | AN4: =IF(ISBLANK('Paste Full'!AZ4),"",'Paste Full'!AZ4) | AO4: =IF(ISBLANK('Paste Full'!BA4),"",'Paste Full'!BA4) | AP4: =IF(ISBLANK('Paste Full'!BB4),"",'Paste Full'!BB4) | AQ4: =IF(ISBLANK('Paste Full'!BC4),"",'Paste Full'!BC4) | AR4: =IF(ISBLANK('Paste Full'!BD4),"",'Paste Full'!BD4) | ... AY4: =IF(ISBLANK('Paste Full'!BK4),"",'Paste Full'!BK4) | AZ4: =IF(ISBLANK('Paste Full'!BM4),"",'Paste Full'!BM4) | BA4: =IF(ISBLANK('Paste Full'!BN4),"",'Paste Full'!BN4) | BB4: =IF(ISBLANK('Paste Full'!BO4),"",'Paste Full'!BO4) | BC4: =IF(ISBLANK('Paste Full'!BP4),"",'Paste Full'!BP4) | BD4: =IF(ISBLANK('Paste Full'!BR4),"",'Paste Full'!BR4) | BE4: =IF(ISBLANK('Paste Full'!BS4),"",'Paste Full'!BS4) | BF4: =IF(ISBLANK('Paste Full'!BU4),"",'Paste Full'!BU4) | BG4: =IF(ISBLANK('Paste Full'!BV4),"",'Paste Full'!BV4) | BH4: =IF(ISBLANK('Paste Full'!BX4),"",'Paste Full'!BX4) | BI4: =IF(ISBLANK('Paste Full'!BY4),"",'Paste Full'!BY4) | BJ4: =IF(ISBLANK('Paste Full'!BL4),"",'Paste Full'!BL4) | BK4: =IF(ISBLANK('Paste Full'!BQ4),"",'Paste Full'!BQ4) | BL4: =IF(ISBLANK('Paste Full'!BT4),"",'Paste Full'!BT4) | BM4: =IF(ISBLANK('Paste Full'!BW4),"",'Paste Full'!BW4)
A5: =IF(ISBLANK('Paste Full'!C5),"",'Paste Full'!C5) | B5: =INDEX($J$1:$R$1, MATCH(MAX($J5:$R5), $J5:$R5, 0)) | C5: =IF(ISBLANK('Paste Full'!H5),"",'Paste Full'!H5) | D5: =IF(ISBLANK('Paste Full'!F5),"",'Paste Full'!F5) | E5: =IF(ISBLANK('Paste Full'!G5),"",'Paste Full'!G5) | F5: =IF(ISBLANK('Paste Full'!E5),"",'Paste Full'!E5) | G5: =IF(ISBLANK('Paste Full'!CI5),"",'Paste Full'!CI5) | H5: =IF(ISBLANK('Paste Full'!J5),"",'Paste Full'!J5) | I5: =IF(ISBLANK('Paste Full'!D5),"",'Paste Full'!D5) | J5: =AVERAGE(SUMPRODUCT($S5:$BM5,AttWeights!$C$10:$AW$10)/SUM(AttWeights!$C$10:$AW$10),SUMPRODUCT($S5:$BM5,AttWeights!$C$17:$AW$17)/SUM(AttWeights!$C$17:$AW$17))*10 | K5: =AVERAGE(SUMPRODUCT($S5:$BM5,AttWeights!$C$7:$AW$7)/SUM(AttWeights!$C$7:$AW$7),SUMPRODUCT($S5:$BM5,AttWeights!$C$15:$AW$15)/SUM(AttWeights!$C$15:$AW$15))*10 | L5: =AVERAGE(SUMPRODUCT($S5:$BM5,AttWeights!$C$8:$AW$8)/SUM(AttWeights!$C$8:$AW$8),SUMPRODUCT($S5:$BM5,AttWeights!$C$16:$AW$16)/SUM(AttWeights!$C$16:$AW$16))*10 | M5: =AVERAGE(SUMPRODUCT($S5:$BM5,AttWeights!$C$9:$AW$9)/SUM(AttWeights!$C$9:$AW$9),SUMPRODUCT($S5:$BM5,AttWeights!$C$15:$AW$15)/SUM(AttWeights!$C$15:$AW$15))*10 | N5: =AVERAGE(SUMPRODUCT($S5:$BM5,AttWeights!$C$6:$AW$6)/SUM(AttWeights!$C$6:$AW$6),SUMPRODUCT($S5:$BM5,AttWeights!$C$14:$AW$14)/SUM(AttWeights!$C$14:$AW$14))*10 | O5: =AVERAGE(SUMPRODUCT($S5:$BM5,AttWeights!$C$5:$AW$5)/SUM(AttWeights!$C$5:$AW$5),SUMPRODUCT($S5:$BM5,AttWeights!$C$14:$AW$14)/SUM(AttWeights!$C$14:$AW$14))*10 | P5: =AVERAGE(SUMPRODUCT($S5:$BM5,AttWeights!$C$4:$AW$4)/SUM(AttWeights!$C$4:$AW$4),SUMPRODUCT($S5:$BM5,AttWeights!$C$13:$AW$13)/SUM(AttWeights!$C$13:$AW$13))*10 | Q5: =AVERAGE(SUMPRODUCT($S5:$BM5,AttWeights!$C$3:$AW$3)/SUM(AttWeights!$C$3:$AW$3),SUMPRODUCT($S5:$BM5,AttWeights!$C$12:$AW$12)/SUM(AttWeights!$C$12:$AW$12))*10 | R5: =AVERAGE(SUMPRODUCT($S5:$BM5,AttWeights!$C$2:$AW$2)/SUM(AttWeights!$C$2:$AW$2),SUMPRODUCT($S5:$BM5,AttWeights!$C$11:$AW$11)/SUM(AttWeights!$C$11:$AW$11))*10 | S5: =IF(ISBLANK('Paste Full'!AC5),"",'Paste Full'!AC5) | T5: =IF(ISBLANK('Paste Full'!AD5),"",'Paste Full'!AD5) | U5: =IF(ISBLANK('Paste Full'!AE5),"",'Paste Full'!AE5) | V5: =IF(ISBLANK('Paste Full'!AF5),"",'Paste Full'!AF5) | W5: =IF(ISBLANK('Paste Full'!AH5),"",'Paste Full'!AH5) | X5: =IF(ISBLANK('Paste Full'!AI5),"",'Paste Full'!AI5) | Y5: =IF(ISBLANK('Paste Full'!AK5),"",'Paste Full'!AK5) | Z5: =IF(ISBLANK('Paste Full'!AL5),"",'Paste Full'!AL5) | AA5: =IF(ISBLANK('Paste Full'!AM5),"",'Paste Full'!AM5) | AB5: =IF(ISBLANK('Paste Full'!AN5),"",'Paste Full'!AN5) | AC5: =IF(ISBLANK('Paste Full'!AO5),"",'Paste Full'!AO5) | AD5: =IF(ISBLANK('Paste Full'!AP5),"",'Paste Full'!AP5) | AE5: =IF(ISBLANK('Paste Full'!AQ5),"",'Paste Full'!AQ5) | AF5: =IF(ISBLANK('Paste Full'!AR5),"",'Paste Full'!AR5) | AG5: =IF(ISBLANK('Paste Full'!AS5),"",'Paste Full'!AS5) | AH5: =IF(ISBLANK('Paste Full'!AV5),"",'Paste Full'!AV5) | AI5: =IF(ISBLANK('Paste Full'!AT5),"",'Paste Full'!AT5) | AJ5: =IF(ISBLANK('Paste Full'!AU5),"",'Paste Full'!AU5) | AK5: =IF(ISBLANK('Paste Full'!AW5),"",'Paste Full'!AW5) | AL5: =IF(ISBLANK('Paste Full'!AX5),"",'Paste Full'!AX5) | AM5: =IF(ISBLANK('Paste Full'!AY5),"",'Paste Full'!AY5) | AN5: =IF(ISBLANK('Paste Full'!AZ5),"",'Paste Full'!AZ5) | AO5: =IF(ISBLANK('Paste Full'!BA5),"",'Paste Full'!BA5) | AP5: =IF(ISBLANK('Paste Full'!BB5),"",'Paste Full'!BB5) | AQ5: =IF(ISBLANK('Paste Full'!BC5),"",'Paste Full'!BC5) | AR5: =IF(ISBLANK('Paste Full'!BD5),"",'Paste Full'!BD5) | ... AY5: =IF(ISBLANK('Paste Full'!BK5),"",'Paste Full'!BK5) | AZ5: =IF(ISBLANK('Paste Full'!BM5),"",'Paste Full'!BM5) | BA5: =IF(ISBLANK('Paste Full'!BN5),"",'Paste Full'!BN5) | BB5: =IF(ISBLANK('Paste Full'!BO5),"",'Paste Full'!BO5) | BC5: =IF(ISBLANK('Paste Full'!BP5),"",'Paste Full'!BP5) | BD5: =IF(ISBLANK('Paste Full'!BR5),"",'Paste Full'!BR5) | BE5: =IF(ISBLANK('Paste Full'!BS5),"",'Paste Full'!BS5) | BF5: =IF(ISBLANK('Paste Full'!BU5),"",'Paste Full'!BU5) | BG5: =IF(ISBLANK('Paste Full'!BV5),"",'Paste Full'!BV5) | BH5: =IF(ISBLANK('Paste Full'!BX5),"",'Paste Full'!BX5) | BI5: =IF(ISBLANK('Paste Full'!BY5),"",'Paste Full'!BY5) | BJ5: =IF(ISBLANK('Paste Full'!BL5),"",'Paste Full'!BL5) | BK5: =IF(ISBLANK('Paste Full'!BQ5),"",'Paste Full'!BQ5) | BL5: =IF(ISBLANK('Paste Full'!BT5),"",'Paste Full'!BT5) | BM5: =IF(ISBLANK('Paste Full'!BW5),"",'Paste Full'!BW5)
A6: =IF(ISBLANK('Paste Full'!C6),"",'Paste Full'!C6) | B6: =INDEX($J$1:$R$1, MATCH(MAX($J6:$R6), $J6:$R6, 0)) | C6: =IF(ISBLANK('Paste Full'!H6),"",'Paste Full'!H6) | D6: =IF(ISBLANK('Paste Full'!F6),"",'Paste Full'!F6) | E6: =IF(ISBLANK('Paste Full'!G6),"",'Paste Full'!G6) | F6: =IF(ISBLANK('Paste Full'!E6),"",'Paste Full'!E6) | G6: =IF(ISBLANK('Paste Full'!CI6),"",'Paste Full'!CI6) | H6: =IF(ISBLANK('Paste Full'!J6),"",'Paste Full'!J6) | I6: =IF(ISBLANK('Paste Full'!D6),"",'Paste Full'!D6) | J6: =AVERAGE(SUMPRODUCT($S6:$BM6,AttWeights!$C$10:$AW$10)/SUM(AttWeights!$C$10:$AW$10),SUMPRODUCT($S6:$BM6,AttWeights!$C$17:$AW$17)/SUM(AttWeights!$C$17:$AW$17))*10 | K6: =AVERAGE(SUMPRODUCT($S6:$BM6,AttWeights!$C$7:$AW$7)/SUM(AttWeights!$C$7:$AW$7),SUMPRODUCT($S6:$BM6,AttWeights!$C$15:$AW$15)/SUM(AttWeights!$C$15:$AW$15))*10 | L6: =AVERAGE(SUMPRODUCT($S6:$BM6,AttWeights!$C$8:$AW$8)/SUM(AttWeights!$C$8:$AW$8),SUMPRODUCT($S6:$BM6,AttWeights!$C$16:$AW$16)/SUM(AttWeights!$C$16:$AW$16))*10 | M6: =AVERAGE(SUMPRODUCT($S6:$BM6,AttWeights!$C$9:$AW$9)/SUM(AttWeights!$C$9:$AW$9),SUMPRODUCT($S6:$BM6,AttWeights!$C$15:$AW$15)/SUM(AttWeights!$C$15:$AW$15))*10 | N6: =AVERAGE(SUMPRODUCT($S6:$BM6,AttWeights!$C$6:$AW$6)/SUM(AttWeights!$C$6:$AW$6),SUMPRODUCT($S6:$BM6,AttWeights!$C$14:$AW$14)/SUM(AttWeights!$C$14:$AW$14))*10 | O6: =AVERAGE(SUMPRODUCT($S6:$BM6,AttWeights!$C$5:$AW$5)/SUM(AttWeights!$C$5:$AW$5),SUMPRODUCT($S6:$BM6,AttWeights!$C$14:$AW$14)/SUM(AttWeights!$C$14:$AW$14))*10 | P6: =AVERAGE(SUMPRODUCT($S6:$BM6,AttWeights!$C$4:$AW$4)/SUM(AttWeights!$C$4:$AW$4),SUMPRODUCT($S6:$BM6,AttWeights!$C$13:$AW$13)/SUM(AttWeights!$C$13:$AW$13))*10 | Q6: =AVERAGE(SUMPRODUCT($S6:$BM6,AttWeights!$C$3:$AW$3)/SUM(AttWeights!$C$3:$AW$3),SUMPRODUCT($S6:$BM6,AttWeights!$C$12:$AW$12)/SUM(AttWeights!$C$12:$AW$12))*10 | R6: =AVERAGE(SUMPRODUCT($S6:$BM6,AttWeights!$C$2:$AW$2)/SUM(AttWeights!$C$2:$AW$2),SUMPRODUCT($S6:$BM6,AttWeights!$C$11:$AW$11)/SUM(AttWeights!$C$11:$AW$11))*10 | S6: =IF(ISBLANK('Paste Full'!AC6),"",'Paste Full'!AC6) | T6: =IF(ISBLANK('Paste Full'!AD6),"",'Paste Full'!AD6) | U6: =IF(ISBLANK('Paste Full'!AE6),"",'Paste Full'!AE6) | V6: =IF(ISBLANK('Paste Full'!AF6),"",'Paste Full'!AF6) | W6: =IF(ISBLANK('Paste Full'!AH6),"",'Paste Full'!AH6) | X6: =IF(ISBLANK('Paste Full'!AI6),"",'Paste Full'!AI6) | Y6: =IF(ISBLANK('Paste Full'!AK6),"",'Paste Full'!AK6) | Z6: =IF(ISBLANK('Paste Full'!AL6),"",'Paste Full'!AL6) | AA6: =IF(ISBLANK('Paste Full'!AM6),"",'Paste Full'!AM6) | AB6: =IF(ISBLANK('Paste Full'!AN6),"",'Paste Full'!AN6) | AC6: =IF(ISBLANK('Paste Full'!AO6),"",'Paste Full'!AO6) | AD6: =IF(ISBLANK('Paste Full'!AP6),"",'Paste Full'!AP6) | AE6: =IF(ISBLANK('Paste Full'!AQ6),"",'Paste Full'!AQ6) | AF6: =IF(ISBLANK('Paste Full'!AR6),"",'Paste Full'!AR6) | AG6: =IF(ISBLANK('Paste Full'!AS6),"",'Paste Full'!AS6) | AH6: =IF(ISBLANK('Paste Full'!AV6),"",'Paste Full'!AV6) | AI6: =IF(ISBLANK('Paste Full'!AT6),"",'Paste Full'!AT6) | AJ6: =IF(ISBLANK('Paste Full'!AU6),"",'Paste Full'!AU6) | AK6: =IF(ISBLANK('Paste Full'!AW6),"",'Paste Full'!AW6) | AL6: =IF(ISBLANK('Paste Full'!AX6),"",'Paste Full'!AX6) | AM6: =IF(ISBLANK('Paste Full'!AY6),"",'Paste Full'!AY6) | AN6: =IF(ISBLANK('Paste Full'!AZ6),"",'Paste Full'!AZ6) | AO6: =IF(ISBLANK('Paste Full'!BA6),"",'Paste Full'!BA6) | AP6: =IF(ISBLANK('Paste Full'!BB6),"",'Paste Full'!BB6) | AQ6: =IF(ISBLANK('Paste Full'!BC6),"",'Paste Full'!BC6) | AR6: =IF(ISBLANK('Paste Full'!BD6),"",'Paste Full'!BD6) | ... AY6: =IF(ISBLANK('Paste Full'!BK6),"",'Paste Full'!BK6) | AZ6: =IF(ISBLANK('Paste Full'!BM6),"",'Paste Full'!BM6) | BA6: =IF(ISBLANK('Paste Full'!BN6),"",'Paste Full'!BN6) | BB6: =IF(ISBLANK('Paste Full'!BO6),"",'Paste Full'!BO6) | BC6: =IF(ISBLANK('Paste Full'!BP6),"",'Paste Full'!BP6) | BD6: =IF(ISBLANK('Paste Full'!BR6),"",'Paste Full'!BR6) | BE6: =IF(ISBLANK('Paste Full'!BS6),"",'Paste Full'!BS6) | BF6: =IF(ISBLANK('Paste Full'!BU6),"",'Paste Full'!BU6) | BG6: =IF(ISBLANK('Paste Full'!BV6),"",'Paste Full'!BV6) | BH6: =IF(ISBLANK('Paste Full'!BX6),"",'Paste Full'!BX6) | BI6: =IF(ISBLANK('Paste Full'!BY6),"",'Paste Full'!BY6) | BJ6: =IF(ISBLANK('Paste Full'!BL6),"",'Paste Full'!BL6) | BK6: =IF(ISBLANK('Paste Full'!BQ6),"",'Paste Full'!BQ6) | BL6: =IF(ISBLANK('Paste Full'!BT6),"",'Paste Full'!BT6) | BM6: =IF(ISBLANK('Paste Full'!BW6),"",'Paste Full'!BW6)
A7: =IF(ISBLANK('Paste Full'!C7),"",'Paste Full'!C7) | B7: =INDEX($J$1:$R$1, MATCH(MAX($J7:$R7), $J7:$R7, 0)) | C7: =IF(ISBLANK('Paste Full'!H7),"",'Paste Full'!H7) | D7: =IF(ISBLANK('Paste Full'!F7),"",'Paste Full'!F7) | E7: =IF(ISBLANK('Paste Full'!G7),"",'Paste Full'!G7) | F7: =IF(ISBLANK('Paste Full'!E7),"",'Paste Full'!E7) | G7: =IF(ISBLANK('Paste Full'!CI7),"",'Paste Full'!CI7) | H7: =IF(ISBLANK('Paste Full'!J7),"",'Paste Full'!J7) | I7: =IF(ISBLANK('Paste Full'!D7),"",'Paste Full'!D7) | J7: =AVERAGE(SUMPRODUCT($S7:$BM7,AttWeights!$C$10:$AW$10)/SUM(AttWeights!$C$10:$AW$10),SUMPRODUCT($S7:$BM7,AttWeights!$C$17:$AW$17)/SUM(AttWeights!$C$17:$AW$17))*10 | K7: =AVERAGE(SUMPRODUCT($S7:$BM7,AttWeights!$C$7:$AW$7)/SUM(AttWeights!$C$7:$AW$7),SUMPRODUCT($S7:$BM7,AttWeights!$C$15:$AW$15)/SUM(AttWeights!$C$15:$AW$15))*10 | L7: =AVERAGE(SUMPRODUCT($S7:$BM7,AttWeights!$C$8:$AW$8)/SUM(AttWeights!$C$8:$AW$8),SUMPRODUCT($S7:$BM7,AttWeights!$C$16:$AW$16)/SUM(AttWeights!$C$16:$AW$16))*10 | M7: =AVERAGE(SUMPRODUCT($S7:$BM7,AttWeights!$C$9:$AW$9)/SUM(AttWeights!$C$9:$AW$9),SUMPRODUCT($S7:$BM7,AttWeights!$C$15:$AW$15)/SUM(AttWeights!$C$15:$AW$15))*10 | N7: =AVERAGE(SUMPRODUCT($S7:$BM7,AttWeights!$C$6:$AW$6)/SUM(AttWeights!$C$6:$AW$6),SUMPRODUCT($S7:$BM7,AttWeights!$C$14:$AW$14)/SUM(AttWeights!$C$14:$AW$14))*10 | O7: =AVERAGE(SUMPRODUCT($S7:$BM7,AttWeights!$C$5:$AW$5)/SUM(AttWeights!$C$5:$AW$5),SUMPRODUCT($S7:$BM7,AttWeights!$C$14:$AW$14)/SUM(AttWeights!$C$14:$AW$14))*10 | P7: =AVERAGE(SUMPRODUCT($S7:$BM7,AttWeights!$C$4:$AW$4)/SUM(AttWeights!$C$4:$AW$4),SUMPRODUCT($S7:$BM7,AttWeights!$C$13:$AW$13)/SUM(AttWeights!$C$13:$AW$13))*10 | Q7: =AVERAGE(SUMPRODUCT($S7:$BM7,AttWeights!$C$3:$AW$3)/SUM(AttWeights!$C$3:$AW$3),SUMPRODUCT($S7:$BM7,AttWeights!$C$12:$AW$12)/SUM(AttWeights!$C$12:$AW$12))*10 | R7: =AVERAGE(SUMPRODUCT($S7:$BM7,AttWeights!$C$2:$AW$2)/SUM(AttWeights!$C$2:$AW$2),SUMPRODUCT($S7:$BM7,AttWeights!$C$11:$AW$11)/SUM(AttWeights!$C$11:$AW$11))*10 | S7: =IF(ISBLANK('Paste Full'!AC7),"",'Paste Full'!AC7) | T7: =IF(ISBLANK('Paste Full'!AD7),"",'Paste Full'!AD7) | U7: =IF(ISBLANK('Paste Full'!AE7),"",'Paste Full'!AE7) | V7: =IF(ISBLANK('Paste Full'!AF7),"",'Paste Full'!AF7) | W7: =IF(ISBLANK('Paste Full'!AH7),"",'Paste Full'!AH7) | X7: =IF(ISBLANK('Paste Full'!AI7),"",'Paste Full'!AI7) | Y7: =IF(ISBLANK('Paste Full'!AK7),"",'Paste Full'!AK7) | Z7: =IF(ISBLANK('Paste Full'!AL7),"",'Paste Full'!AL7) | AA7: =IF(ISBLANK('Paste Full'!AM7),"",'Paste Full'!AM7) | AB7: =IF(ISBLANK('Paste Full'!AN7),"",'Paste Full'!AN7) | AC7: =IF(ISBLANK('Paste Full'!AO7),"",'Paste Full'!AO7) | AD7: =IF(ISBLANK('Paste Full'!AP7),"",'Paste Full'!AP7) | AE7: =IF(ISBLANK('Paste Full'!AQ7),"",'Paste Full'!AQ7) | AF7: =IF(ISBLANK('Paste Full'!AR7),"",'Paste Full'!AR7) | AG7: =IF(ISBLANK('Paste Full'!AS7),"",'Paste Full'!AS7) | AH7: =IF(ISBLANK('Paste Full'!AV7),"",'Paste Full'!AV7) | AI7: =IF(ISBLANK('Paste Full'!AT7),"",'Paste Full'!AT7) | AJ7: =IF(ISBLANK('Paste Full'!AU7),"",'Paste Full'!AU7) | AK7: =IF(ISBLANK('Paste Full'!AW7),"",'Paste Full'!AW7) | AL7: =IF(ISBLANK('Paste Full'!AX7),"",'Paste Full'!AX7) | AM7: =IF(ISBLANK('Paste Full'!AY7),"",'Paste Full'!AY7) | AN7: =IF(ISBLANK('Paste Full'!AZ7),"",'Paste Full'!AZ7) | AO7: =IF(ISBLANK('Paste Full'!BA7),"",'Paste Full'!BA7) | AP7: =IF(ISBLANK('Paste Full'!BB7),"",'Paste Full'!BB7) | AQ7: =IF(ISBLANK('Paste Full'!BC7),"",'Paste Full'!BC7) | AR7: =IF(ISBLANK('Paste Full'!BD7),"",'Paste Full'!BD7) | ... AY7: =IF(ISBLANK('Paste Full'!BK7),"",'Paste Full'!BK7) | AZ7: =IF(ISBLANK('Paste Full'!BM7),"",'Paste Full'!BM7) | BA7: =IF(ISBLANK('Paste Full'!BN7),"",'Paste Full'!BN7) | BB7: =IF(ISBLANK('Paste Full'!BO7),"",'Paste Full'!BO7) | BC7: =IF(ISBLANK('Paste Full'!BP7),"",'Paste Full'!BP7) | BD7: =IF(ISBLANK('Paste Full'!BR7),"",'Paste Full'!BR7) | BE7: =IF(ISBLANK('Paste Full'!BS7),"",'Paste Full'!BS7) | BF7: =IF(ISBLANK('Paste Full'!BU7),"",'Paste Full'!BU7) | BG7: =IF(ISBLANK('Paste Full'!BV7),"",'Paste Full'!BV7) | BH7: =IF(ISBLANK('Paste Full'!BX7),"",'Paste Full'!BX7) | BI7: =IF(ISBLANK('Paste Full'!BY7),"",'Paste Full'!BY7) | BJ7: =IF(ISBLANK('Paste Full'!BL7),"",'Paste Full'!BL7) | BK7: =IF(ISBLANK('Paste Full'!BQ7),"",'Paste Full'!BQ7) | BL7: =IF(ISBLANK('Paste Full'!BT7),"",'Paste Full'!BT7) | BM7: =IF(ISBLANK('Paste Full'!BW7),"",'Paste Full'!BW7)
A8: =IF(ISBLANK('Paste Full'!C8),"",'Paste Full'!C8) | B8: =INDEX($J$1:$R$1, MATCH(MAX($J8:$R8), $J8:$R8, 0)) | C8: =IF(ISBLANK('Paste Full'!H8),"",'Paste Full'!H8) | D8: =IF(ISBLANK('Paste Full'!F8),"",'Paste Full'!F8) | E8: =IF(ISBLANK('Paste Full'!G8),"",'Paste Full'!G8) | F8: =IF(ISBLANK('Paste Full'!E8),"",'Paste Full'!E8) | G8: =IF(ISBLANK('Paste Full'!CI8),"",'Paste Full'!CI8) | H8: =IF(ISBLANK('Paste Full'!J8),"",'Paste Full'!J8) | I8: =IF(ISBLANK('Paste Full'!D8),"",'Paste Full'!D8) | J8: =AVERAGE(SUMPRODUCT($S8:$BM8,AttWeights!$C$10:$AW$10)/SUM(AttWeights!$C$10:$AW$10),SUMPRODUCT($S8:$BM8,AttWeights!$C$17:$AW$17)/SUM(AttWeights!$C$17:$AW$17))*10 | K8: =AVERAGE(SUMPRODUCT($S8:$BM8,AttWeights!$C$7:$AW$7)/SUM(AttWeights!$C$7:$AW$7),SUMPRODUCT($S8:$BM8,AttWeights!$C$15:$AW$15)/SUM(AttWeights!$C$15:$AW$15))*10 | L8: =AVERAGE(SUMPRODUCT($S8:$BM8,AttWeights!$C$8:$AW$8)/SUM(AttWeights!$C$8:$AW$8),SUMPRODUCT($S8:$BM8,AttWeights!$C$16:$AW$16)/SUM(AttWeights!$C$16:$AW$16))*10 | M8: =AVERAGE(SUMPRODUCT($S8:$BM8,AttWeights!$C$9:$AW$9)/SUM(AttWeights!$C$9:$AW$9),SUMPRODUCT($S8:$BM8,AttWeights!$C$15:$AW$15)/SUM(AttWeights!$C$15:$AW$15))*10 | N8: =AVERAGE(SUMPRODUCT($S8:$BM8,AttWeights!$C$6:$AW$6)/SUM(AttWeights!$C$6:$AW$6),SUMPRODUCT($S8:$BM8,AttWeights!$C$14:$AW$14)/SUM(AttWeights!$C$14:$AW$14))*10 | O8: =AVERAGE(SUMPRODUCT($S8:$BM8,AttWeights!$C$5:$AW$5)/SUM(AttWeights!$C$5:$AW$5),SUMPRODUCT($S8:$BM8,AttWeights!$C$14:$AW$14)/SUM(AttWeights!$C$14:$AW$14))*10 | P8: =AVERAGE(SUMPRODUCT($S8:$BM8,AttWeights!$C$4:$AW$4)/SUM(AttWeights!$C$4:$AW$4),SUMPRODUCT($S8:$BM8,AttWeights!$C$13:$AW$13)/SUM(AttWeights!$C$13:$AW$13))*10 | Q8: =AVERAGE(SUMPRODUCT($S8:$BM8,AttWeights!$C$3:$AW$3)/SUM(AttWeights!$C$3:$AW$3),SUMPRODUCT($S8:$BM8,AttWeights!$C$12:$AW$12)/SUM(AttWeights!$C$12:$AW$12))*10 | R8: =AVERAGE(SUMPRODUCT($S8:$BM8,AttWeights!$C$2:$AW$2)/SUM(AttWeights!$C$2:$AW$2),SUMPRODUCT($S8:$BM8,AttWeights!$C$11:$AW$11)/SUM(AttWeights!$C$11:$AW$11))*10 | S8: =IF(ISBLANK('Paste Full'!AC8),"",'Paste Full'!AC8) | T8: =IF(ISBLANK('Paste Full'!AD8),"",'Paste Full'!AD8) | U8: =IF(ISBLANK('Paste Full'!AE8),"",'Paste Full'!AE8) | V8: =IF(ISBLANK('Paste Full'!AF8),"",'Paste Full'!AF8) | W8: =IF(ISBLANK('Paste Full'!AH8),"",'Paste Full'!AH8) | X8: =IF(ISBLANK('Paste Full'!AI8),"",'Paste Full'!AI8) | Y8: =IF(ISBLANK('Paste Full'!AK8),"",'Paste Full'!AK8) | Z8: =IF(ISBLANK('Paste Full'!AL8),"",'Paste Full'!AL8) | AA8: =IF(ISBLANK('Paste Full'!AM8),"",'Paste Full'!AM8) | AB8: =IF(ISBLANK('Paste Full'!AN8),"",'Paste Full'!AN8) | AC8: =IF(ISBLANK('Paste Full'!AO8),"",'Paste Full'!AO8) | AD8: =IF(ISBLANK('Paste Full'!AP8),"",'Paste Full'!AP8) | AE8: =IF(ISBLANK('Paste Full'!AQ8),"",'Paste Full'!AQ8) | AF8: =IF(ISBLANK('Paste Full'!AR8),"",'Paste Full'!AR8) | AG8: =IF(ISBLANK('Paste Full'!AS8),"",'Paste Full'!AS8) | AH8: =IF(ISBLANK('Paste Full'!AV8),"",'Paste Full'!AV8) | AI8: =IF(ISBLANK('Paste Full'!AT8),"",'Paste Full'!AT8) | AJ8: =IF(ISBLANK('Paste Full'!AU8),"",'Paste Full'!AU8) | AK8: =IF(ISBLANK('Paste Full'!AW8),"",'Paste Full'!AW8) | AL8: =IF(ISBLANK('Paste Full'!AX8),"",'Paste Full'!AX8) | AM8: =IF(ISBLANK('Paste Full'!AY8),"",'Paste Full'!AY8) | AN8: =IF(ISBLANK('Paste Full'!AZ8),"",'Paste Full'!AZ8) | AO8: =IF(ISBLANK('Paste Full'!BA8),"",'Paste Full'!BA8) | AP8: =IF(ISBLANK('Paste Full'!BB8),"",'Paste Full'!BB8) | AQ8: =IF(ISBLANK('Paste Full'!BC8),"",'Paste Full'!BC8) | AR8: =IF(ISBLANK('Paste Full'!BD8),"",'Paste Full'!BD8) | ... AY8: =IF(ISBLANK('Paste Full'!BK8),"",'Paste Full'!BK8) | AZ8: =IF(ISBLANK('Paste Full'!BM8),"",'Paste Full'!BM8) | BA8: =IF(ISBLANK('Paste Full'!BN8),"",'Paste Full'!BN8) | BB8: =IF(ISBLANK('Paste Full'!BO8),"",'Paste Full'!BO8) | BC8: =IF(ISBLANK('Paste Full'!BP8),"",'Paste Full'!BP8) | BD8: =IF(ISBLANK('Paste Full'!BR8),"",'Paste Full'!BR8) | BE8: =IF(ISBLANK('Paste Full'!BS8),"",'Paste Full'!BS8) | BF8: =IF(ISBLANK('Paste Full'!BU8),"",'Paste Full'!BU8) | BG8: =IF(ISBLANK('Paste Full'!BV8),"",'Paste Full'!BV8) | BH8: =IF(ISBLANK('Paste Full'!BX8),"",'Paste Full'!BX8) | BI8: =IF(ISBLANK('Paste Full'!BY8),"",'Paste Full'!BY8) | BJ8: =IF(ISBLANK('Paste Full'!BL8),"",'Paste Full'!BL8) | BK8: =IF(ISBLANK('Paste Full'!BQ8),"",'Paste Full'!BQ8) | BL8: =IF(ISBLANK('Paste Full'!BT8),"",'Paste Full'!BT8) | BM8: =IF(ISBLANK('Paste Full'!BW8),"",'Paste Full'!BW8)
A9: =IF(ISBLANK('Paste Full'!C9),"",'Paste Full'!C9) | B9: =INDEX($J$1:$R$1, MATCH(MAX($J9:$R9), $J9:$R9, 0)) | C9: =IF(ISBLANK('Paste Full'!H9),"",'Paste Full'!H9) | D9: =IF(ISBLANK('Paste Full'!F9),"",'Paste Full'!F9) | E9: =IF(ISBLANK('Paste Full'!G9),"",'Paste Full'!G9) | F9: =IF(ISBLANK('Paste Full'!E9),"",'Paste Full'!E9) | G9: =IF(ISBLANK('Paste Full'!CI9),"",'Paste Full'!CI9) | H9: =IF(ISBLANK('Paste Full'!J9),"",'Paste Full'!J9) | I9: =IF(ISBLANK('Paste Full'!D9),"",'Paste Full'!D9) | J9: =AVERAGE(SUMPRODUCT($S9:$BM9,AttWeights!$C$10:$AW$10)/SUM(AttWeights!$C$10:$AW$10),SUMPRODUCT($S9:$BM9,AttWeights!$C$17:$AW$17)/SUM(AttWeights!$C$17:$AW$17))*10 | K9: =AVERAGE(SUMPRODUCT($S9:$BM9,AttWeights!$C$7:$AW$7)/SUM(AttWeights!$C$7:$AW$7),SUMPRODUCT($S9:$BM9,AttWeights!$C$15:$AW$15)/SUM(AttWeights!$C$15:$AW$15))*10 | L9: =AVERAGE(SUMPRODUCT($S9:$BM9,AttWeights!$C$8:$AW$8)/SUM(AttWeights!$C$8:$AW$8),SUMPRODUCT($S9:$BM9,AttWeights!$C$16:$AW$16)/SUM(AttWeights!$C$16:$AW$16))*10 | M9: =AVERAGE(SUMPRODUCT($S9:$BM9,AttWeights!$C$9:$AW$9)/SUM(AttWeights!$C$9:$AW$9),SUMPRODUCT($S9:$BM9,AttWeights!$C$15:$AW$15)/SUM(AttWeights!$C$15:$AW$15))*10 | N9: =AVERAGE(SUMPRODUCT($S9:$BM9,AttWeights!$C$6:$AW$6)/SUM(AttWeights!$C$6:$AW$6),SUMPRODUCT($S9:$BM9,AttWeights!$C$14:$AW$14)/SUM(AttWeights!$C$14:$AW$14))*10 | O9: =AVERAGE(SUMPRODUCT($S9:$BM9,AttWeights!$C$5:$AW$5)/SUM(AttWeights!$C$5:$AW$5),SUMPRODUCT($S9:$BM9,AttWeights!$C$14:$AW$14)/SUM(AttWeights!$C$14:$AW$14))*10 | P9: =AVERAGE(SUMPRODUCT($S9:$BM9,AttWeights!$C$4:$AW$4)/SUM(AttWeights!$C$4:$AW$4),SUMPRODUCT($S9:$BM9,AttWeights!$C$13:$AW$13)/SUM(AttWeights!$C$13:$AW$13))*10 | Q9: =AVERAGE(SUMPRODUCT($S9:$BM9,AttWeights!$C$3:$AW$3)/SUM(AttWeights!$C$3:$AW$3),SUMPRODUCT($S9:$BM9,AttWeights!$C$12:$AW$12)/SUM(AttWeights!$C$12:$AW$12))*10 | R9: =AVERAGE(SUMPRODUCT($S9:$BM9,AttWeights!$C$2:$AW$2)/SUM(AttWeights!$C$2:$AW$2),SUMPRODUCT($S9:$BM9,AttWeights!$C$11:$AW$11)/SUM(AttWeights!$C$11:$AW$11))*10 | S9: =IF(ISBLANK('Paste Full'!AC9),"",'Paste Full'!AC9) | T9: =IF(ISBLANK('Paste Full'!AD9),"",'Paste Full'!AD9) | U9: =IF(ISBLANK('Paste Full'!AE9),"",'Paste Full'!AE9) | V9: =IF(ISBLANK('Paste Full'!AF9),"",'Paste Full'!AF9) | W9: =IF(ISBLANK('Paste Full'!AH9),"",'Paste Full'!AH9) | X9: =IF(ISBLANK('Paste Full'!AI9),"",'Paste Full'!AI9) | Y9: =IF(ISBLANK('Paste Full'!AK9),"",'Paste Full'!AK9) | Z9: =IF(ISBLANK('Paste Full'!AL9),"",'Paste Full'!AL9) | AA9: =IF(ISBLANK('Paste Full'!AM9),"",'Paste Full'!AM9) | AB9: =IF(ISBLANK('Paste Full'!AN9),"",'Paste Full'!AN9) | AC9: =IF(ISBLANK('Paste Full'!AO9),"",'Paste Full'!AO9) | AD9: =IF(ISBLANK('Paste Full'!AP9),"",'Paste Full'!AP9) | AE9: =IF(ISBLANK('Paste Full'!AQ9),"",'Paste Full'!AQ9) | AF9: =IF(ISBLANK('Paste Full'!AR9),"",'Paste Full'!AR9) | AG9: =IF(ISBLANK('Paste Full'!AS9),"",'Paste Full'!AS9) | AH9: =IF(ISBLANK('Paste Full'!AV9),"",'Paste Full'!AV9) | AI9: =IF(ISBLANK('Paste Full'!AT9),"",'Paste Full'!AT9) | AJ9: =IF(ISBLANK('Paste Full'!AU9),"",'Paste Full'!AU9) | AK9: =IF(ISBLANK('Paste Full'!AW9),"",'Paste Full'!AW9) | AL9: =IF(ISBLANK('Paste Full'!AX9),"",'Paste Full'!AX9) | AM9: =IF(ISBLANK('Paste Full'!AY9),"",'Paste Full'!AY9) | AN9: =IF(ISBLANK('Paste Full'!AZ9),"",'Paste Full'!AZ9) | AO9: =IF(ISBLANK('Paste Full'!BA9),"",'Paste Full'!BA9) | AP9: =IF(ISBLANK('Paste Full'!BB9),"",'Paste Full'!BB9) | AQ9: =IF(ISBLANK('Paste Full'!BC9),"",'Paste Full'!BC9) | AR9: =IF(ISBLANK('Paste Full'!BD9),"",'Paste Full'!BD9) | ... AY9: =IF(ISBLANK('Paste Full'!BK9),"",'Paste Full'!BK9) | AZ9: =IF(ISBLANK('Paste Full'!BM9),"",'Paste Full'!BM9) | BA9: =IF(ISBLANK('Paste Full'!BN9),"",'Paste Full'!BN9) | BB9: =IF(ISBLANK('Paste Full'!BO9),"",'Paste Full'!BO9) | BC9: =IF(ISBLANK('Paste Full'!BP9),"",'Paste Full'!BP9) | BD9: =IF(ISBLANK('Paste Full'!BR9),"",'Paste Full'!BR9) | BE9: =IF(ISBLANK('Paste Full'!BS9),"",'Paste Full'!BS9) | BF9: =IF(ISBLANK('Paste Full'!BU9),"",'Paste Full'!BU9) | BG9: =IF(ISBLANK('Paste Full'!BV9),"",'Paste Full'!BV9) | BH9: =IF(ISBLANK('Paste Full'!BX9),"",'Paste Full'!BX9) | BI9: =IF(ISBLANK('Paste Full'!BY9),"",'Paste Full'!BY9) | BJ9: =IF(ISBLANK('Paste Full'!BL9),"",'Paste Full'!BL9) | BK9: =IF(ISBLANK('Paste Full'!BQ9),"",'Paste Full'!BQ9) | BL9: =IF(ISBLANK('Paste Full'!BT9),"",'Paste Full'!BT9) | BM9: =IF(ISBLANK('Paste Full'!BW9),"",'Paste Full'!BW9)
A10: =IF(ISBLANK('Paste Full'!C10),"",'Paste Full'!C10) | B10: =INDEX($J$1:$R$1, MATCH(MAX($J10:$R10), $J10:$R10, 0)) | C10: =IF(ISBLANK('Paste Full'!H10),"",'Paste Full'!H10) | D10: =IF(ISBLANK('Paste Full'!F10),"",'Paste Full'!F10) | E10: =IF(ISBLANK('Paste Full'!G10),"",'Paste Full'!G10) | F10: =IF(ISBLANK('Paste Full'!E10),"",'Paste Full'!E10) | G10: =IF(ISBLANK('Paste Full'!CI10),"",'Paste Full'!CI10) | H10: =IF(ISBLANK('Paste Full'!J10),"",'Paste Full'!J10) | I10: =IF(ISBLANK('Paste Full'!D10),"",'Paste Full'!D10) | J10: =AVERAGE(SUMPRODUCT($S10:$BM10,AttWeights!$C$10:$AW$10)/SUM(AttWeights!$C$10:$AW$10),SUMPRODUCT($S10:$BM10,AttWeights!$C$17:$AW$17)/SUM(AttWeights!$C$17:$AW$17))*10 | K10: =AVERAGE(SUMPRODUCT($S10:$BM10,AttWeights!$C$7:$AW$7)/SUM(AttWeights!$C$7:$AW$7),SUMPRODUCT($S10:$BM10,AttWeights!$C$15:$AW$15)/SUM(AttWeights!$C$15:$AW$15))*10 | L10: =AVERAGE(SUMPRODUCT($S10:$BM10,AttWeights!$C$8:$AW$8)/SUM(AttWeights!$C$8:$AW$8),SUMPRODUCT($S10:$BM10,AttWeights!$C$16:$AW$16)/SUM(AttWeights!$C$16:$AW$16))*10 | M10: =AVERAGE(SUMPRODUCT($S10:$BM10,AttWeights!$C$9:$AW$9)/SUM(AttWeights!$C$9:$AW$9),SUMPRODUCT($S10:$BM10,AttWeights!$C$15:$AW$15)/SUM(AttWeights!$C$15:$AW$15))*10 | N10: =AVERAGE(SUMPRODUCT($S10:$BM10,AttWeights!$C$6:$AW$6)/SUM(AttWeights!$C$6:$AW$6),SUMPRODUCT($S10:$BM10,AttWeights!$C$14:$AW$14)/SUM(AttWeights!$C$14:$AW$14))*10 | O10: =AVERAGE(SUMPRODUCT($S10:$BM10,AttWeights!$C$5:$AW$5)/SUM(AttWeights!$C$5:$AW$5),SUMPRODUCT($S10:$BM10,AttWeights!$C$14:$AW$14)/SUM(AttWeights!$C$14:$AW$14))*10 | P10: =AVERAGE(SUMPRODUCT($S10:$BM10,AttWeights!$C$4:$AW$4)/SUM(AttWeights!$C$4:$AW$4),SUMPRODUCT($S10:$BM10,AttWeights!$C$13:$AW$13)/SUM(AttWeights!$C$13:$AW$13))*10 | Q10: =AVERAGE(SUMPRODUCT($S10:$BM10,AttWeights!$C$3:$AW$3)/SUM(AttWeights!$C$3:$AW$3),SUMPRODUCT($S10:$BM10,AttWeights!$C$12:$AW$12)/SUM(AttWeights!$C$12:$AW$12))*10 | R10: =AVERAGE(SUMPRODUCT($S10:$BM10,AttWeights!$C$2:$AW$2)/SUM(AttWeights!$C$2:$AW$2),SUMPRODUCT($S10:$BM10,AttWeights!$C$11:$AW$11)/SUM(AttWeights!$C$11:$AW$11))*10 | S10: =IF(ISBLANK('Paste Full'!AC10),"",'Paste Full'!AC10) | T10: =IF(ISBLANK('Paste Full'!AD10),"",'Paste Full'!AD10) | U10: =IF(ISBLANK('Paste Full'!AE10),"",'Paste Full'!AE10) | V10: =IF(ISBLANK('Paste Full'!AF10),"",'Paste Full'!AF10) | W10: =IF(ISBLANK('Paste Full'!AH10),"",'Paste Full'!AH10) | X10: =IF(ISBLANK('Paste Full'!AI10),"",'Paste Full'!AI10) | Y10: =IF(ISBLANK('Paste Full'!AK10),"",'Paste Full'!AK10) | Z10: =IF(ISBLANK('Paste Full'!AL10),"",'Paste Full'!AL10) | AA10: =IF(ISBLANK('Paste Full'!AM10),"",'Paste Full'!AM10) | AB10: =IF(ISBLANK('Paste Full'!AN10),"",'Paste Full'!AN10) | AC10: =IF(ISBLANK('Paste Full'!AO10),"",'Paste Full'!AO10) | AD10: =IF(ISBLANK('Paste Full'!AP10),"",'Paste Full'!AP10) | AE10: =IF(ISBLANK('Paste Full'!AQ10),"",'Paste Full'!AQ10) | AF10: =IF(ISBLANK('Paste Full'!AR10),"",'Paste Full'!AR10) | AG10: =IF(ISBLANK('Paste Full'!AS10),"",'Paste Full'!AS10) | AH10: =IF(ISBLANK('Paste Full'!AV10),"",'Paste Full'!AV10) | AI10: =IF(ISBLANK('Paste Full'!AT10),"",'Paste Full'!AT10) | AJ10: =IF(ISBLANK('Paste Full'!AU10),"",'Paste Full'!AU10) | AK10: =IF(ISBLANK('Paste Full'!AW10),"",'Paste Full'!AW10) | AL10: =IF(ISBLANK('Paste Full'!AX10),"",'Paste Full'!AX10) | AM10: =IF(ISBLANK('Paste Full'!AY10),"",'Paste Full'!AY10) | AN10: =IF(ISBLANK('Paste Full'!AZ10),"",'Paste Full'!AZ10) | AO10: =IF(ISBLANK('Paste Full'!BA10),"",'Paste Full'!BA10) | AP10: =IF(ISBLANK('Paste Full'!BB10),"",'Paste Full'!BB10) | AQ10: =IF(ISBLANK('Paste Full'!BC10),"",'Paste Full'!BC10) | AR10: =IF(ISBLANK('Paste Full'!BD10),"",'Paste Full'!BD10) | ... AY10: =IF(ISBLANK('Paste Full'!BK10),"",'Paste Full'!BK10) | AZ10: =IF(ISBLANK('Paste Full'!BM10),"",'Paste Full'!BM10) | BA10: =IF(ISBLANK('Paste Full'!BN10),"",'Paste Full'!BN10) | BB10: =IF(ISBLANK('Paste Full'!BO10),"",'Paste Full'!BO10) | BC10: =IF(ISBLANK('Paste Full'!BP10),"",'Paste Full'!BP10) | BD10: =IF(ISBLANK('Paste Full'!BR10),"",'Paste Full'!BR10) | BE10: =IF(ISBLANK('Paste Full'!BS10),"",'Paste Full'!BS10) | BF10: =IF(ISBLANK('Paste Full'!BU10),"",'Paste Full'!BU10) | BG10: =IF(ISBLANK('Paste Full'!BV10),"",'Paste Full'!BV10) | BH10: =IF(ISBLANK('Paste Full'!BX10),"",'Paste Full'!BX10) | BI10: =IF(ISBLANK('Paste Full'!BY10),"",'Paste Full'!BY10) | BJ10: =IF(ISBLANK('Paste Full'!BL10),"",'Paste Full'!BL10) | BK10: =IF(ISBLANK('Paste Full'!BQ10),"",'Paste Full'!BQ10) | BL10: =IF(ISBLANK('Paste Full'!BT10),"",'Paste Full'!BT10) | BM10: =IF(ISBLANK('Paste Full'!BW10),"",'Paste Full'!BW10)
A11: =IF(ISBLANK('Paste Full'!C11),"",'Paste Full'!C11) | B11: =INDEX($J$1:$R$1, MATCH(MAX($J11:$R11), $J11:$R11, 0)) | C11: =IF(ISBLANK('Paste Full'!H11),"",'Paste Full'!H11) | D11: =IF(ISBLANK('Paste Full'!F11),"",'Paste Full'!F11) | E11: =IF(ISBLANK('Paste Full'!G11),"",'Paste Full'!G11) | F11: =IF(ISBLANK('Paste Full'!E11),"",'Paste Full'!E11) | G11: =IF(ISBLANK('Paste Full'!CI11),"",'Paste Full'!CI11) | H11: =IF(ISBLANK('Paste Full'!J11),"",'Paste Full'!J11) | I11: =IF(ISBLANK('Paste Full'!D11),"",'Paste Full'!D11) | J11: =AVERAGE(SUMPRODUCT($S11:$BM11,AttWeights!$C$10:$AW$10)/SUM(AttWeights!$C$10:$AW$10),SUMPRODUCT($S11:$BM11,AttWeights!$C$17:$AW$17)/SUM(AttWeights!$C$17:$AW$17))*10 | K11: =AVERAGE(SUMPRODUCT($S11:$BM11,AttWeights!$C$7:$AW$7)/SUM(AttWeights!$C$7:$AW$7),SUMPRODUCT($S11:$BM11,AttWeights!$C$15:$AW$15)/SUM(AttWeights!$C$15:$AW$15))*10 | L11: =AVERAGE(SUMPRODUCT($S11:$BM11,AttWeights!$C$8:$AW$8)/SUM(AttWeights!$C$8:$AW$8),SUMPRODUCT($S11:$BM11,AttWeights!$C$16:$AW$16)/SUM(AttWeights!$C$16:$AW$16))*10 | M11: =AVERAGE(SUMPRODUCT($S11:$BM11,AttWeights!$C$9:$AW$9)/SUM(AttWeights!$C$9:$AW$9),SUMPRODUCT($S11:$BM11,AttWeights!$C$15:$AW$15)/SUM(AttWeights!$C$15:$AW$15))*10 | N11: =AVERAGE(SUMPRODUCT($S11:$BM11,AttWeights!$C$6:$AW$6)/SUM(AttWeights!$C$6:$AW$6),SUMPRODUCT($S11:$BM11,AttWeights!$C$14:$AW$14)/SUM(AttWeights!$C$14:$AW$14))*10 | O11: =AVERAGE(SUMPRODUCT($S11:$BM11,AttWeights!$C$5:$AW$5)/SUM(AttWeights!$C$5:$AW$5),SUMPRODUCT($S11:$BM11,AttWeights!$C$14:$AW$14)/SUM(AttWeights!$C$14:$AW$14))*10 | P11: =AVERAGE(SUMPRODUCT($S11:$BM11,AttWeights!$C$4:$AW$4)/SUM(AttWeights!$C$4:$AW$4),SUMPRODUCT($S11:$BM11,AttWeights!$C$13:$AW$13)/SUM(AttWeights!$C$13:$AW$13))*10 | Q11: =AVERAGE(SUMPRODUCT($S11:$BM11,AttWeights!$C$3:$AW$3)/SUM(AttWeights!$C$3:$AW$3),SUMPRODUCT($S11:$BM11,AttWeights!$C$12:$AW$12)/SUM(AttWeights!$C$12:$AW$12))*10 | R11: =AVERAGE(SUMPRODUCT($S11:$BM11,AttWeights!$C$2:$AW$2)/SUM(AttWeights!$C$2:$AW$2),SUMPRODUCT($S11:$BM11,AttWeights!$C$11:$AW$11)/SUM(AttWeights!$C$11:$AW$11))*10 | S11: =IF(ISBLANK('Paste Full'!AC11),"",'Paste Full'!AC11) | T11: =IF(ISBLANK('Paste Full'!AD11),"",'Paste Full'!AD11) | U11: =IF(ISBLANK('Paste Full'!AE11),"",'Paste Full'!AE11) | V11: =IF(ISBLANK('Paste Full'!AF11),"",'Paste Full'!AF11) | W11: =IF(ISBLANK('Paste Full'!AH11),"",'Paste Full'!AH11) | X11: =IF(ISBLANK('Paste Full'!AI11),"",'Paste Full'!AI11) | Y11: =IF(ISBLANK('Paste Full'!AK11),"",'Paste Full'!AK11) | Z11: =IF(ISBLANK('Paste Full'!AL11),"",'Paste Full'!AL11) | AA11: =IF(ISBLANK('Paste Full'!AM11),"",'Paste Full'!AM11) | AB11: =IF(ISBLANK('Paste Full'!AN11),"",'Paste Full'!AN11) | AC11: =IF(ISBLANK('Paste Full'!AO11),"",'Paste Full'!AO11) | AD11: =IF(ISBLANK('Paste Full'!AP11),"",'Paste Full'!AP11) | AE11: =IF(ISBLANK('Paste Full'!AQ11),"",'Paste Full'!AQ11) | AF11: =IF(ISBLANK('Paste Full'!AR11),"",'Paste Full'!AR11) | AG11: =IF(ISBLANK('Paste Full'!AS11),"",'Paste Full'!AS11) | AH11: =IF(ISBLANK('Paste Full'!AV11),"",'Paste Full'!AV11) | AI11: =IF(ISBLANK('Paste Full'!AT11),"",'Paste Full'!AT11) | AJ11: =IF(ISBLANK('Paste Full'!AU11),"",'Paste Full'!AU11) | AK11: =IF(ISBLANK('Paste Full'!AW11),"",'Paste Full'!AW11) | AL11: =IF(ISBLANK('Paste Full'!AX11),"",'Paste Full'!AX11) | AM11: =IF(ISBLANK('Paste Full'!AY11),"",'Paste Full'!AY11) | AN11: =IF(ISBLANK('Paste Full'!AZ11),"",'Paste Full'!AZ11) | AO11: =IF(ISBLANK('Paste Full'!BA11),"",'Paste Full'!BA11) | AP11: =IF(ISBLANK('Paste Full'!BB11),"",'Paste Full'!BB11) | AQ11: =IF(ISBLANK('Paste Full'!BC11),"",'Paste Full'!BC11) | AR11: =IF(ISBLANK('Paste Full'!BD11),"",'Paste Full'!BD11) | ... AY11: =IF(ISBLANK('Paste Full'!BK11),"",'Paste Full'!BK11) | AZ11: =IF(ISBLANK('Paste Full'!BM11),"",'Paste Full'!BM11) | BA11: =IF(ISBLANK('Paste Full'!BN11),"",'Paste Full'!BN11) | BB11: =IF(ISBLANK('Paste Full'!BO11),"",'Paste Full'!BO11) | BC11: =IF(ISBLANK('Paste Full'!BP11),"",'Paste Full'!BP11) | BD11: =IF(ISBLANK('Paste Full'!BR11),"",'Paste Full'!BR11) | BE11: =IF(ISBLANK('Paste Full'!BS11),"",'Paste Full'!BS11) | BF11: =IF(ISBLANK('Paste Full'!BU11),"",'Paste Full'!BU11) | BG11: =IF(ISBLANK('Paste Full'!BV11),"",'Paste Full'!BV11) | BH11: =IF(ISBLANK('Paste Full'!BX11),"",'Paste Full'!BX11) | BI11: =IF(ISBLANK('Paste Full'!BY11),"",'Paste Full'!BY11) | BJ11: =IF(ISBLANK('Paste Full'!BL11),"",'Paste Full'!BL11) | BK11: =IF(ISBLANK('Paste Full'!BQ11),"",'Paste Full'!BQ11) | BL11: =IF(ISBLANK('Paste Full'!BT11),"",'Paste Full'!BT11) | BM11: =IF(ISBLANK('Paste Full'!BW11),"",'Paste Full'!BW11)
A12: =IF(ISBLANK('Paste Full'!C12),"",'Paste Full'!C12) | B12: =INDEX($J$1:$R$1, MATCH(MAX($J12:$R12), $J12:$R12, 0)) | C12: =IF(ISBLANK('Paste Full'!H12),"",'Paste Full'!H12) | D12: =IF(ISBLANK('Paste Full'!F12),"",'Paste Full'!F12) | E12: =IF(ISBLANK('Paste Full'!G12),"",'Paste Full'!G12) | F12: =IF(ISBLANK('Paste Full'!E12),"",'Paste Full'!E12) | G12: =IF(ISBLANK('Paste Full'!CI12),"",'Paste Full'!CI12) | H12: =IF(ISBLANK('Paste Full'!J12),"",'Paste Full'!J12) | I12: =IF(ISBLANK('Paste Full'!D12),"",'Paste Full'!D12) | J12: =AVERAGE(SUMPRODUCT($S12:$BM12,AttWeights!$C$10:$AW$10)/SUM(AttWeights!$C$10:$AW$10),SUMPRODUCT($S12:$BM12,AttWeights!$C$17:$AW$17)/SUM(AttWeights!$C$17:$AW$17))*10 | K12: =AVERAGE(SUMPRODUCT($S12:$BM12,AttWeights!$C$7:$AW$7)/SUM(AttWeights!$C$7:$AW$7),SUMPRODUCT($S12:$BM12,AttWeights!$C$15:$AW$15)/SUM(AttWeights!$C$15:$AW$15))*10 | L12: =AVERAGE(SUMPRODUCT($S12:$BM12,AttWeights!$C$8:$AW$8)/SUM(AttWeights!$C$8:$AW$8),SUMPRODUCT($S12:$BM12,AttWeights!$C$16:$AW$16)/SUM(AttWeights!$C$16:$AW$16))*10 | M12: =AVERAGE(SUMPRODUCT($S12:$BM12,AttWeights!$C$9:$AW$9)/SUM(AttWeights!$C$9:$AW$9),SUMPRODUCT($S12:$BM12,AttWeights!$C$15:$AW$15)/SUM(AttWeights!$C$15:$AW$15))*10 | N12: =AVERAGE(SUMPRODUCT($S12:$BM12,AttWeights!$C$6:$AW$6)/SUM(AttWeights!$C$6:$AW$6),SUMPRODUCT($S12:$BM12,AttWeights!$C$14:$AW$14)/SUM(AttWeights!$C$14:$AW$14))*10 | O12: =AVERAGE(SUMPRODUCT($S12:$BM12,AttWeights!$C$5:$AW$5)/SUM(AttWeights!$C$5:$AW$5),SUMPRODUCT($S12:$BM12,AttWeights!$C$14:$AW$14)/SUM(AttWeights!$C$14:$AW$14))*10 | P12: =AVERAGE(SUMPRODUCT($S12:$BM12,AttWeights!$C$4:$AW$4)/SUM(AttWeights!$C$4:$AW$4),SUMPRODUCT($S12:$BM12,AttWeights!$C$13:$AW$13)/SUM(AttWeights!$C$13:$AW$13))*10 | Q12: =AVERAGE(SUMPRODUCT($S12:$BM12,AttWeights!$C$3:$AW$3)/SUM(AttWeights!$C$3:$AW$3),SUMPRODUCT($S12:$BM12,AttWeights!$C$12:$AW$12)/SUM(AttWeights!$C$12:$AW$12))*10 | R12: =AVERAGE(SUMPRODUCT($S12:$BM12,AttWeights!$C$2:$AW$2)/SUM(AttWeights!$C$2:$AW$2),SUMPRODUCT($S12:$BM12,AttWeights!$C$11:$AW$11)/SUM(AttWeights!$C$11:$AW$11))*10 | S12: =IF(ISBLANK('Paste Full'!AC12),"",'Paste Full'!AC12) | T12: =IF(ISBLANK('Paste Full'!AD12),"",'Paste Full'!AD12) | U12: =IF(ISBLANK('Paste Full'!AE12),"",'Paste Full'!AE12) | V12: =IF(ISBLANK('Paste Full'!AF12),"",'Paste Full'!AF12) | W12: =IF(ISBLANK('Paste Full'!AH12),"",'Paste Full'!AH12) | X12: =IF(ISBLANK('Paste Full'!AI12),"",'Paste Full'!AI12) | Y12: =IF(ISBLANK('Paste Full'!AK12),"",'Paste Full'!AK12) | Z12: =IF(ISBLANK('Paste Full'!AL12),"",'Paste Full'!AL12) | AA12: =IF(ISBLANK('Paste Full'!AM12),"",'Paste Full'!AM12) | AB12: =IF(ISBLANK('Paste Full'!AN12),"",'Paste Full'!AN12) | AC12: =IF(ISBLANK('Paste Full'!AO12),"",'Paste Full'!AO12) | AD12: =IF(ISBLANK('Paste Full'!AP12),"",'Paste Full'!AP12) | AE12: =IF(ISBLANK('Paste Full'!AQ12),"",'Paste Full'!AQ12) | AF12: =IF(ISBLANK('Paste Full'!AR12),"",'Paste Full'!AR12) | AG12: =IF(ISBLANK('Paste Full'!AS12),"",'Paste Full'!AS12) | AH12: =IF(ISBLANK('Paste Full'!AV12),"",'Paste Full'!AV12) | AI12: =IF(ISBLANK('Paste Full'!AT12),"",'Paste Full'!AT12) | AJ12: =IF(ISBLANK('Paste Full'!AU12),"",'Paste Full'!AU12) | AK12: =IF(ISBLANK('Paste Full'!AW12),"",'Paste Full'!AW12) | AL12: =IF(ISBLANK('Paste Full'!AX12),"",'Paste Full'!AX12) | AM12: =IF(ISBLANK('Paste Full'!AY12),"",'Paste Full'!AY12) | AN12: =IF(ISBLANK('Paste Full'!AZ12),"",'Paste Full'!AZ12) | AO12: =IF(ISBLANK('Paste Full'!BA12),"",'Paste Full'!BA12) | AP12: =IF(ISBLANK('Paste Full'!BB12),"",'Paste Full'!BB12) | AQ12: =IF(ISBLANK('Paste Full'!BC12),"",'Paste Full'!BC12) | AR12: =IF(ISBLANK('Paste Full'!BD12),"",'Paste Full'!BD12) | ... AY12: =IF(ISBLANK('Paste Full'!BK12),"",'Paste Full'!BK12) | AZ12: =IF(ISBLANK('Paste Full'!BM12),"",'Paste Full'!BM12) | BA12: =IF(ISBLANK('Paste Full'!BN12),"",'Paste Full'!BN12) | BB12: =IF(ISBLANK('Paste Full'!BO12),"",'Paste Full'!BO12) | BC12: =IF(ISBLANK('Paste Full'!BP12),"",'Paste Full'!BP12) | BD12: =IF(ISBLANK('Paste Full'!BR12),"",'Paste Full'!BR12) | BE12: =IF(ISBLANK('Paste Full'!BS12),"",'Paste Full'!BS12) | BF12: =IF(ISBLANK('Paste Full'!BU12),"",'Paste Full'!BU12) | BG12: =IF(ISBLANK('Paste Full'!BV12),"",'Paste Full'!BV12) | BH12: =IF(ISBLANK('Paste Full'!BX12),"",'Paste Full'!BX12) | BI12: =IF(ISBLANK('Paste Full'!BY12),"",'Paste Full'!BY12) | BJ12: =IF(ISBLANK('Paste Full'!BL12),"",'Paste Full'!BL12) | BK12: =IF(ISBLANK('Paste Full'!BQ12),"",'Paste Full'!BQ12) | BL12: =IF(ISBLANK('Paste Full'!BT12),"",'Paste Full'!BT12) | BM12: =IF(ISBLANK('Paste Full'!BW12),"",'Paste Full'!BW12)
A13: =IF(ISBLANK('Paste Full'!C13),"",'Paste Full'!C13) | B13: =INDEX($J$1:$R$1, MATCH(MAX($J13:$R13), $J13:$R13, 0)) | C13: =IF(ISBLANK('Paste Full'!H13),"",'Paste Full'!H13) | D13: =IF(ISBLANK('Paste Full'!F13),"",'Paste Full'!F13) | E13: =IF(ISBLANK('Paste Full'!G13),"",'Paste Full'!G13) | F13: =IF(ISBLANK('Paste Full'!E13),"",'Paste Full'!E13) | G13: =IF(ISBLANK('Paste Full'!CI13),"",'Paste Full'!CI13) | H13: =IF(ISBLANK('Paste Full'!J13),"",'Paste Full'!J13) | I13: =IF(ISBLANK('Paste Full'!D13),"",'Paste Full'!D13) | J13: =AVERAGE(SUMPRODUCT($S13:$BM13,AttWeights!$C$10:$AW$10)/SUM(AttWeights!$C$10:$AW$10),SUMPRODUCT($S13:$BM13,AttWeights!$C$17:$AW$17)/SUM(AttWeights!$C$17:$AW$17))*10 | K13: =AVERAGE(SUMPRODUCT($S13:$BM13,AttWeights!$C$7:$AW$7)/SUM(AttWeights!$C$7:$AW$7),SUMPRODUCT($S13:$BM13,AttWeights!$C$15:$AW$15)/SUM(AttWeights!$C$15:$AW$15))*10 | L13: =AVERAGE(SUMPRODUCT($S13:$BM13,AttWeights!$C$8:$AW$8)/SUM(AttWeights!$C$8:$AW$8),SUMPRODUCT($S13:$BM13,AttWeights!$C$16:$AW$16)/SUM(AttWeights!$C$16:$AW$16))*10 | M13: =AVERAGE(SUMPRODUCT($S13:$BM13,AttWeights!$C$9:$AW$9)/SUM(AttWeights!$C$9:$AW$9),SUMPRODUCT($S13:$BM13,AttWeights!$C$15:$AW$15)/SUM(AttWeights!$C$15:$AW$15))*10 | N13: =AVERAGE(SUMPRODUCT($S13:$BM13,AttWeights!$C$6:$AW$6)/SUM(AttWeights!$C$6:$AW$6),SUMPRODUCT($S13:$BM13,AttWeights!$C$14:$AW$14)/SUM(AttWeights!$C$14:$AW$14))*10 | O13: =AVERAGE(SUMPRODUCT($S13:$BM13,AttWeights!$C$5:$AW$5)/SUM(AttWeights!$C$5:$AW$5),SUMPRODUCT($S13:$BM13,AttWeights!$C$14:$AW$14)/SUM(AttWeights!$C$14:$AW$14))*10 | P13: =AVERAGE(SUMPRODUCT($S13:$BM13,AttWeights!$C$4:$AW$4)/SUM(AttWeights!$C$4:$AW$4),SUMPRODUCT($S13:$BM13,AttWeights!$C$13:$AW$13)/SUM(AttWeights!$C$13:$AW$13))*10 | Q13: =AVERAGE(SUMPRODUCT($S13:$BM13,AttWeights!$C$3:$AW$3)/SUM(AttWeights!$C$3:$AW$3),SUMPRODUCT($S13:$BM13,AttWeights!$C$12:$AW$12)/SUM(AttWeights!$C$12:$AW$12))*10 | R13: =AVERAGE(SUMPRODUCT($S13:$BM13,AttWeights!$C$2:$AW$2)/SUM(AttWeights!$C$2:$AW$2),SUMPRODUCT($S13:$BM13,AttWeights!$C$11:$AW$11)/SUM(AttWeights!$C$11:$AW$11))*10 | S13: =IF(ISBLANK('Paste Full'!AC13),"",'Paste Full'!AC13) | T13: =IF(ISBLANK('Paste Full'!AD13),"",'Paste Full'!AD13) | U13: =IF(ISBLANK('Paste Full'!AE13),"",'Paste Full'!AE13) | V13: =IF(ISBLANK('Paste Full'!AF13),"",'Paste Full'!AF13) | W13: =IF(ISBLANK('Paste Full'!AH13),"",'Paste Full'!AH13) | X13: =IF(ISBLANK('Paste Full'!AI13),"",'Paste Full'!AI13) | Y13: =IF(ISBLANK('Paste Full'!AK13),"",'Paste Full'!AK13) | Z13: =IF(ISBLANK('Paste Full'!AL13),"",'Paste Full'!AL13) | AA13: =IF(ISBLANK('Paste Full'!AM13),"",'Paste Full'!AM13) | AB13: =IF(ISBLANK('Paste Full'!AN13),"",'Paste Full'!AN13) | AC13: =IF(ISBLANK('Paste Full'!AO13),"",'Paste Full'!AO13) | AD13: =IF(ISBLANK('Paste Full'!AP13),"",'Paste Full'!AP13) | AE13: =IF(ISBLANK('Paste Full'!AQ13),"",'Paste Full'!AQ13) | AF13: =IF(ISBLANK('Paste Full'!AR13),"",'Paste Full'!AR13) | AG13: =IF(ISBLANK('Paste Full'!AS13),"",'Paste Full'!AS13) | AH13: =IF(ISBLANK('Paste Full'!AV13),"",'Paste Full'!AV13) | AI13: =IF(ISBLANK('Paste Full'!AT13),"",'Paste Full'!AT13) | AJ13: =IF(ISBLANK('Paste Full'!AU13),"",'Paste Full'!AU13) | AK13: =IF(ISBLANK('Paste Full'!AW13),"",'Paste Full'!AW13) | AL13: =IF(ISBLANK('Paste Full'!AX13),"",'Paste Full'!AX13) | AM13: =IF(ISBLANK('Paste Full'!AY13),"",'Paste Full'!AY13) | AN13: =IF(ISBLANK('Paste Full'!AZ13),"",'Paste Full'!AZ13) | AO13: =IF(ISBLANK('Paste Full'!BA13),"",'Paste Full'!BA13) | AP13: =IF(ISBLANK('Paste Full'!BB13),"",'Paste Full'!BB13) | AQ13: =IF(ISBLANK('Paste Full'!BC13),"",'Paste Full'!BC13) | AR13: =IF(ISBLANK('Paste Full'!BD13),"",'Paste Full'!BD13) | ... AY13: =IF(ISBLANK('Paste Full'!BK13),"",'Paste Full'!BK13) | AZ13: =IF(ISBLANK('Paste Full'!BM13),"",'Paste Full'!BM13) | BA13: =IF(ISBLANK('Paste Full'!BN13),"",'Paste Full'!BN13) | BB13: =IF(ISBLANK('Paste Full'!BO13),"",'Paste Full'!BO13) | BC13: =IF(ISBLANK('Paste Full'!BP13),"",'Paste Full'!BP13) | BD13: =IF(ISBLANK('Paste Full'!BR13),"",'Paste Full'!BR13) | BE13: =IF(ISBLANK('Paste Full'!BS13),"",'Paste Full'!BS13) | BF13: =IF(ISBLANK('Paste Full'!BU13),"",'Paste Full'!BU13) | BG13: =IF(ISBLANK('Paste Full'!BV13),"",'Paste Full'!BV13) | BH13: =IF(ISBLANK('Paste Full'!BX13),"",'Paste Full'!BX13) | BI13: =IF(ISBLANK('Paste Full'!BY13),"",'Paste Full'!BY13) | BJ13: =IF(ISBLANK('Paste Full'!BL13),"",'Paste Full'!BL13) | BK13: =IF(ISBLANK('Paste Full'!BQ13),"",'Paste Full'!BQ13) | BL13: =IF(ISBLANK('Paste Full'!BT13),"",'Paste Full'!BT13) | BM13: =IF(ISBLANK('Paste Full'!BW13),"",'Paste Full'!BW13)
... A100: =IF(ISBLANK('Paste Full'!C100),"",'Paste Full'!C100) | B100: =INDEX($J$1:$R$1, MATCH(MAX($J100:$R100), $J100:$R100, 0)) | C100: =IF(ISBLANK('Paste Full'!H100),"",'Paste Full'!H100) | D100: =IF(ISBLANK('Paste Full'!F100),"",'Paste Full'!F100) | E100: =IF(ISBLANK('Paste Full'!G100),"",'Paste Full'!G100) | F100: =IF(ISBLANK('Paste Full'!E100),"",'Paste Full'!E100) | G100: =IF(ISBLANK('Paste Full'!CI100),"",'Paste Full'!CI100) | H100: =IF(ISBLANK('Paste Full'!J100),"",'Paste Full'!J100) | I100: =IF(ISBLANK('Paste Full'!D100),"",'Paste Full'!D100) | J100: =AVERAGE(SUMPRODUCT($S100:$BM100,AttWeights!$C$10:$AW$10)/SUM(AttWeights!$C$10:$AW$10),SUMPRODUCT($S100:$BM100,AttWeights!$C$17:$AW$17)/SUM(AttWeights!$C$17:$AW$17))*10 | K100: =AVERAGE(SUMPRODUCT($S100:$BM100,AttWeights!$C$7:$AW$7)/SUM(AttWeights!$C$7:$AW$7),SUMPRODUCT($S100:$BM100,AttWeights!$C$15:$AW$15)/SUM(AttWeights!$C$15:$AW$15))*10 | L100: =AVERAGE(SUMPRODUCT($S100:$BM100,AttWeights!$C$8:$AW$8)/SUM(AttWeights!$C$8:$AW$8),SUMPRODUCT($S100:$BM100,AttWeights!$C$16:$AW$16)/SUM(AttWeights!$C$16:$AW$16))*10 | M100: =AVERAGE(SUMPRODUCT($S100:$BM100,AttWeights!$C$9:$AW$9)/SUM(AttWeights!$C$9:$AW$9),SUMPRODUCT($S100:$BM100,AttWeights!$C$15:$AW$15)/SUM(AttWeights!$C$15:$AW$15))*10 | N100: =AVERAGE(SUMPRODUCT($S100:$BM100,AttWeights!$C$6:$AW$6)/SUM(AttWeights!$C$6:$AW$6),SUMPRODUCT($S100:$BM100,AttWeights!$C$14:$AW$14)/SUM(AttWeights!$C$14:$AW$14))*10 | O100: =AVERAGE(SUMPRODUCT($S100:$BM100,AttWeights!$C$5:$AW$5)/SUM(AttWeights!$C$5:$AW$5),SUMPRODUCT($S100:$BM100,AttWeights!$C$14:$AW$14)/SUM(AttWeights!$C$14:$AW$14))*10 | P100: =AVERAGE(SUMPRODUCT($S100:$BM100,AttWeights!$C$4:$AW$4)/SUM(AttWeights!$C$4:$AW$4),SUMPRODUCT($S100:$BM100,AttWeights!$C$13:$AW$13)/SUM(AttWeights!$C$13:$AW$13))*10 | Q100: =AVERAGE(SUMPRODUCT($S100:$BM100,AttWeights!$C$3:$AW$3)/SUM(AttWeights!$C$3:$AW$3),SUMPRODUCT($S100:$BM100,AttWeights!$C$12:$AW$12)/SUM(AttWeights!$C$12:$AW$12))*10 | R100: =AVERAGE(SUMPRODUCT($S100:$BM100,AttWeights!$C$2:$AW$2)/SUM(AttWeights!$C$2:$AW$2),SUMPRODUCT($S100:$BM100,AttWeights!$C$11:$AW$11)/SUM(AttWeights!$C$11:$AW$11))*10 | S100: =IF(ISBLANK('Paste Full'!AC100),"",'Paste Full'!AC100) | T100: =IF(ISBLANK('Paste Full'!AD100),"",'Paste Full'!AD100) | U100: =IF(ISBLANK('Paste Full'!AE100),"",'Paste Full'!AE100) | V100: =IF(ISBLANK('Paste Full'!AF100),"",'Paste Full'!AF100) | W100: =IF(ISBLANK('Paste Full'!AH100),"",'Paste Full'!AH100) | X100: =IF(ISBLANK('Paste Full'!AI100),"",'Paste Full'!AI100) | Y100: =IF(ISBLANK('Paste Full'!AK100),"",'Paste Full'!AK100) | Z100: =IF(ISBLANK('Paste Full'!AL100),"",'Paste Full'!AL100) | AA100: =IF(ISBLANK('Paste Full'!AM100),"",'Paste Full'!AM100) | AB100: =IF(ISBLANK('Paste Full'!AN100),"",'Paste Full'!AN100) | AC100: =IF(ISBLANK('Paste Full'!AO100),"",'Paste Full'!AO100) | AD100: =IF(ISBLANK('Paste Full'!AP100),"",'Paste Full'!AP100) | AE100: =IF(ISBLANK('Paste Full'!AQ100),"",'Paste Full'!AQ100) | AF100: =IF(ISBLANK('Paste Full'!AR100),"",'Paste Full'!AR100) | AG100: =IF(ISBLANK('Paste Full'!AS100),"",'Paste Full'!AS100) | AH100: =IF(ISBLANK('Paste Full'!AV100),"",'Paste Full'!AV100) | AI100: =IF(ISBLANK('Paste Full'!AT100),"",'Paste Full'!AT100) | AJ100: =IF(ISBLANK('Paste Full'!AU100),"",'Paste Full'!AU100) | AK100: =IF(ISBLANK('Paste Full'!AW100),"",'Paste Full'!AW100) | AL100: =IF(ISBLANK('Paste Full'!AX100),"",'Paste Full'!AX100) | AM100: =IF(ISBLANK('Paste Full'!AY100),"",'Paste Full'!AY100) | AN100: =IF(ISBLANK('Paste Full'!AZ100),"",'Paste Full'!AZ100) | AO100: =IF(ISBLANK('Paste Full'!BA100),"",'Paste Full'!BA100) | AP100: =IF(ISBLANK('Paste Full'!BB100),"",'Paste Full'!BB100) | AQ100: =IF(ISBLANK('Paste Full'!BC100),"",'Paste Full'!BC100) | AR100: =IF(ISBLANK('Paste Full'!BD100),"",'Paste Full'!BD100) | ... AY100: =IF(ISBLANK('Paste Full'!BK100),"",'Paste Full'!BK100) | AZ100: =IF(ISBLANK('Paste Full'!BM100),"",'Paste Full'!BM100) | BA100: =IF(ISBLANK('Paste Full'!BN100),"",'Paste Full'!BN100) | BB100: =IF(ISBLANK('Paste Full'!BO100),"",'Paste Full'!BO100) | BC100: =IF(ISBLANK('Paste Full'!BP100),"",'Paste Full'!BP100) | BD100: =IF(ISBLANK('Paste Full'!BR100),"",'Paste Full'!BR100) | BE100: =IF(ISBLANK('Paste Full'!BS100),"",'Paste Full'!BS100) | BF100: =IF(ISBLANK('Paste Full'!BU100),"",'Paste Full'!BU100) | BG100: =IF(ISBLANK('Paste Full'!BV100),"",'Paste Full'!BV100) | BH100: =IF(ISBLANK('Paste Full'!BX100),"",'Paste Full'!BX100) | BI100: =IF(ISBLANK('Paste Full'!BY100),"",'Paste Full'!BY100) | BJ100: =IF(ISBLANK('Paste Full'!BL100),"",'Paste Full'!BL100) | BK100: =IF(ISBLANK('Paste Full'!BQ100),"",'Paste Full'!BQ100) | BL100: =IF(ISBLANK('Paste Full'!BT100),"",'Paste Full'!BT100) | BM100: =IF(ISBLANK('Paste Full'!BW100),"",'Paste Full'!BW100)

Sheet Attributes
A1: Physical | B1: Goalkeeping | C1: Mental | D1: Technical | E1: Set Pieces | I1: GK | J1: Striker | O1: Acceleration
A2: Acceleration | B2: Aerial Reach | C2: Aggression | D2: Crossing | E2: Corners | I2: D(R) | J2: AM(L) | O2: Aerial Reach
A3: Agility | B3: Command Of Area | C3: Anticipation | D3: Dribbling | E3: Free Kick Taking | I3: D(C) | J3: AM(C) | O3: Aggression
A4: Balance | B4: Communication | C4: Bravery | D4: Finishing | E4: Long Throws | I4: D(C) | J4: AM(R) | O4: Agility
A5: Jumping Reach | B5: Eccentricity | C5: Composure | D5: First Touch | E5: Penalty Taking | I5: D(L) | J5: DM(L) | O5: Anticipation
A6: Natural Fitness | B6: First Touch | C6: Concentration | D6: Heading | I6: DM - DLP | J6: DM(R) | O6: Balance
A7: Pace | B7: Handling | C7: Decisions | D7: Long Shots | I7: DM - DM | J7: D(C) | O7: Bravery
A8: Stamina | B8: Kicking | C8: Determination | D8: Marking | I8: AM(R) | J8: D(R/L) | O8: Command Of Area
A9: Strength | B9: One On Ones | C9: Flair | D9: Passing | I9: AM(C) | O9: Communication
B10: Passing | C10: Leadership | D10: Tackling | I10: AM(L) | O10: Composure
B11: Punching (Tendency) | C11: Off The Ball | D11: Technique | I11: ST(C) | O11: Concentration
B12: Reflexes | C12: Positioning | O12: Corners
B13: Rushing Out (Tendency) | C13: Teamwork | O13: Crossing
B14: Throwing | C14: Vision | O14: Decisions
C15: Work Rate | O15: Determination
O16: Dribbling
O17: Eccentricity
O18: Finishing
O19: First Touch
O20: First Touch
O21: Flair
O22: Free Kick Taking
O23: Handling
O24: Heading
O25: Jumping Reach
O26: Kicking
O27: Leadership
... O49: Work Rate

Sheet Planner
A1: Name | B1: Best Position | C1: Age | D1: CA | E1: PA | F1: Striker | G1: AM(L) | H1: AM(C) | I1: AM(R) | J1: DM(L) | K1: DM(R) | L1: D(C) | M1: D(R/L) | N1: GK | O1: Highest Skill | P1: Positions | T1: Counts
A2: =IF(ISBLANK(Display!A3),,Display!A3) | B2: =IF($C2>0,Display!B3,) | C2: =IF(ISBLANK(Display!C3),"",Display!C3) | D2: =IF(ISBLANK(Display!D3),"",Display!D3) | E2: =IF(ISBLANK(Display!E3),"",Display!E3) | F2: {=IF(ISBLANK(Display!J3),NULL,Display!J3)} | G2: {=IF(ISBLANK(Display!K3),NULL,Display!K3)} | H2: {=IF(ISBLANK(Display!L3),NULL,Display!L3)} | I2: {=IF(ISBLANK(Display!M3),NULL,Display!M3)} | J2: {=IF(ISBLANK(Display!N3),NULL,Display!N3)} | K2: {=IF(ISBLANK(Display!O3),NULL,Display!O3)} | L2: {=IF(ISBLANK(Display!P3),NULL,Display!P3)} | M2: {=IF(ISBLANK(Display!Q3),NULL,Display!Q3)} | N2: {=IF(ISBLANK(Display!R3),NULL,Display!R3)} | O2: =IF(ISBLANK(A2),"",MAX($F2:$N2)) | P2: =IF(ISBLANK(Display!I3),"",Display!I3)
A3: =IF(ISBLANK(Display!A28),,Display!A28) | B3: =IF($C3>0,Display!B28,) | C3: =IF(ISBLANK(Display!C28),"",Display!C28) | D3: =IF(ISBLANK(Display!D28),"",Display!D28) | E3: =IF(ISBLANK(Display!E28),"",Display!E28) | F3: {=IF(ISBLANK(Display!J28),NULL,Display!J28)} | G3: {=IF(ISBLANK(Display!K28),NULL,Display!K28)} | H3: {=IF(ISBLANK(Display!L28),NULL,Display!L28)} | I3: {=IF(ISBLANK(Display!M28),NULL,Display!M28)} | J3: {=IF(ISBLANK(Display!N28),NULL,Display!N28)} | K3: {=IF(ISBLANK(Display!O28),NULL,Display!O28)} | L3: {=IF(ISBLANK(Display!P28),NULL,Display!P28)} | M3: {=IF(ISBLANK(Display!Q28),NULL,Display!Q28)} | N3: {=IF(ISBLANK(Display!R28),NULL,Display!R28)} | O3: =IF(ISBLANK(A3),"",MAX($F3:$N3)) | P3: =IF(ISBLANK(Display!I28),"",Display!I28) | S3: GK | T3: =COUNTIF(P:P,S3) | AF3: 9
A4: =IF(ISBLANK(Display!A41),,Display!A41) | B4: =IF($C4>0,Display!B41,) | C4: =IF(ISBLANK(Display!C41),"",Display!C41) | D4: =IF(ISBLANK(Display!D41),"",Display!D41) | E4: =IF(ISBLANK(Display!E41),"",Display!E41) | F4: {=IF(ISBLANK(Display!J41),NULL,Display!J41)} | G4: {=IF(ISBLANK(Display!K41),NULL,Display!K41)} | H4: {=IF(ISBLANK(Display!L41),NULL,Display!L41)} | I4: {=IF(ISBLANK(Display!M41),NULL,Display!M41)} | J4: {=IF(ISBLANK(Display!N41),NULL,Display!N41)} | K4: {=IF(ISBLANK(Display!O41),NULL,Display!O41)} | L4: {=IF(ISBLANK(Display!P41),NULL,Display!P41)} | M4: {=IF(ISBLANK(Display!Q41),NULL,Display!Q41)} | N4: {=IF(ISBLANK(Display!R41),NULL,Display!R41)} | O4: =IF(ISBLANK(A4),"",MAX($F4:$N4)) | P4: =IF(ISBLANK(Display!I41),"",Display!I41) | S4: D(R) | T4: =COUNTIF(P:P,S4) | AF4: 8
A5: =IF(ISBLANK(Display!A11),,Display!A11) | B5: =IF($C5>0,Display!B11,) | C5: =IF(ISBLANK(Display!C11),"",Display!C11) | D5: =IF(ISBLANK(Display!D11),"",Display!D11) | E5: =IF(ISBLANK(Display!E11),"",Display!E11) | F5: {=IF(ISBLANK(Display!J11),NULL,Display!J11)} | G5: {=IF(ISBLANK(Display!K11),NULL,Display!K11)} | H5: {=IF(ISBLANK(Display!L11),NULL,Display!L11)} | I5: {=IF(ISBLANK(Display!M11),NULL,Display!M11)} | J5: {=IF(ISBLANK(Display!N11),NULL,Display!N11)} | K5: {=IF(ISBLANK(Display!O11),NULL,Display!O11)} | L5: {=IF(ISBLANK(Display!P11),NULL,Display!P11)} | M5: {=IF(ISBLANK(Display!Q11),NULL,Display!Q11)} | N5: {=IF(ISBLANK(Display!R11),NULL,Display!R11)} | O5: =IF(ISBLANK(A5),"",MAX($F5:$N5)) | P5: =IF(ISBLANK(Display!I11),"",Display!I11) | S5: D(C) | T5: =COUNTIF(P:P,S5) | AF5: 7
A6: =IF(ISBLANK(Display!A22),,Display!A22) | B6: =IF($C6>0,Display!B22,) | C6: =IF(ISBLANK(Display!C22),"",Display!C22) | D6: =IF(ISBLANK(Display!D22),"",Display!D22) | E6: =IF(ISBLANK(Display!E22),"",Display!E22) | F6: {=IF(ISBLANK(Display!J22),NULL,Display!J22)} | G6: {=IF(ISBLANK(Display!K22),NULL,Display!K22)} | H6: {=IF(ISBLANK(Display!L22),NULL,Display!L22)} | I6: {=IF(ISBLANK(Display!M22),NULL,Display!M22)} | J6: {=IF(ISBLANK(Display!N22),NULL,Display!N22)} | K6: {=IF(ISBLANK(Display!O22),NULL,Display!O22)} | L6: {=IF(ISBLANK(Display!P22),NULL,Display!P22)} | M6: {=IF(ISBLANK(Display!Q22),NULL,Display!Q22)} | N6: {=IF(ISBLANK(Display!R22),NULL,Display!R22)} | O6: =IF(ISBLANK(A6),"",MAX($F6:$N6)) | P6: =IF(ISBLANK(Display!I22),"",Display!I22) | S6: D(C) | T6: =COUNTIF(P:P,S6) | AF6: 7
A7: =IF(ISBLANK(Display!A12),,Display!A12) | B7: =IF($C7>0,Display!B12,) | C7: =IF(ISBLANK(Display!C12),"",Display!C12) | D7: =IF(ISBLANK(Display!D12),"",Display!D12) | E7: =IF(ISBLANK(Display!E12),"",Display!E12) | F7: {=IF(ISBLANK(Display!J12),NULL,Display!J12)} | G7: {=IF(ISBLANK(Display!K12),NULL,Display!K12)} | H7: {=IF(ISBLANK(Display!L12),NULL,Display!L12)} | I7: {=IF(ISBLANK(Display!M12),NULL,Display!M12)} | J7: {=IF(ISBLANK(Display!N12),NULL,Display!N12)} | K7: {=IF(ISBLANK(Display!O12),NULL,Display!O12)} | L7: {=IF(ISBLANK(Display!P12),NULL,Display!P12)} | M7: {=IF(ISBLANK(Display!Q12),NULL,Display!Q12)} | N7: {=IF(ISBLANK(Display!R12),NULL,Display!R12)} | O7: =IF(ISBLANK(A7),"",MAX($F7:$N7)) | P7: =IF(ISBLANK(Display!I12),"",Display!I12) | S7: D(L) | T7: =COUNTIF(P:P,S7) | AF7: 8
A8: =IF(ISBLANK(Display!A21),,Display!A21) | B8: =IF($C8>0,Display!B21,) | C8: =IF(ISBLANK(Display!C21),"",Display!C21) | D8: =IF(ISBLANK(Display!D21),"",Display!D21) | E8: =IF(ISBLANK(Display!E21),"",Display!E21) | F8: {=IF(ISBLANK(Display!J21),NULL,Display!J21)} | G8: {=IF(ISBLANK(Display!K21),NULL,Display!K21)} | H8: {=IF(ISBLANK(Display!L21),NULL,Display!L21)} | I8: {=IF(ISBLANK(Display!M21),NULL,Display!M21)} | J8: {=IF(ISBLANK(Display!N21),NULL,Display!N21)} | K8: {=IF(ISBLANK(Display!O21),NULL,Display!O21)} | L8: {=IF(ISBLANK(Display!P21),NULL,Display!P21)} | M8: {=IF(ISBLANK(Display!Q21),NULL,Display!Q21)} | N8: {=IF(ISBLANK(Display!R21),NULL,Display!R21)} | O8: =IF(ISBLANK(A8),"",MAX($F8:$N8)) | P8: =IF(ISBLANK(Display!I21),"",Display!I21) | S8: DM - DLP | T8: =COUNTIF(P:P,S8) | AF8: 5
A9: =IF(ISBLANK(Display!A27),,Display!A27) | B9: =IF($C9>0,Display!B27,) | C9: =IF(ISBLANK(Display!C27),"",Display!C27) | D9: =IF(ISBLANK(Display!D27),"",Display!D27) | E9: =IF(ISBLANK(Display!E27),"",Display!E27) | F9: {=IF(ISBLANK(Display!J27),NULL,Display!J27)} | G9: {=IF(ISBLANK(Display!K27),NULL,Display!K27)} | H9: {=IF(ISBLANK(Display!L27),NULL,Display!L27)} | I9: {=IF(ISBLANK(Display!M27),NULL,Display!M27)} | J9: {=IF(ISBLANK(Display!N27),NULL,Display!N27)} | K9: {=IF(ISBLANK(Display!O27),NULL,Display!O27)} | L9: {=IF(ISBLANK(Display!P27),NULL,Display!P27)} | M9: {=IF(ISBLANK(Display!Q27),NULL,Display!Q27)} | N9: {=IF(ISBLANK(Display!R27),NULL,Display!R27)} | O9: =IF(ISBLANK(A9),"",MAX($F9:$N9)) | P9: =IF(ISBLANK(Display!I27),"",Display!I27) | S9: DM - DM | T9: =COUNTIF(P:P,S9) | AF9: 6
A10: =IF(ISBLANK(Display!A5),,Display!A5) | B10: =IF($C10>0,Display!B5,) | C10: =IF(ISBLANK(Display!C5),"",Display!C5) | D10: =IF(ISBLANK(Display!D5),"",Display!D5) | E10: =IF(ISBLANK(Display!E5),"",Display!E5) | F10: {=IF(ISBLANK(Display!J5),NULL,Display!J5)} | G10: {=IF(ISBLANK(Display!K5),NULL,Display!K5)} | H10: {=IF(ISBLANK(Display!L5),NULL,Display!L5)} | I10: {=IF(ISBLANK(Display!M5),NULL,Display!M5)} | J10: {=IF(ISBLANK(Display!N5),NULL,Display!N5)} | K10: {=IF(ISBLANK(Display!O5),NULL,Display!O5)} | L10: {=IF(ISBLANK(Display!P5),NULL,Display!P5)} | M10: {=IF(ISBLANK(Display!Q5),NULL,Display!Q5)} | N10: {=IF(ISBLANK(Display!R5),NULL,Display!R5)} | O10: =IF(ISBLANK(A10),"",MAX($F10:$N10)) | P10: =IF(ISBLANK(Display!I5),"",Display!I5) | S10: AM(R) | T10: =COUNTIF(P:P,S10) | AF10: 4
A11: =IF(ISBLANK(Display!A14),,Display!A14) | B11: =IF($C11>0,Display!B14,) | C11: =IF(ISBLANK(Display!C14),"",Display!C14) | D11: =IF(ISBLANK(Display!D14),"",Display!D14) | E11: =IF(ISBLANK(Display!E14),"",Display!E14) | F11: {=IF(ISBLANK(Display!J14),NULL,Display!J14)} | G11: {=IF(ISBLANK(Display!K14),NULL,Display!K14)} | H11: {=IF(ISBLANK(Display!L14),NULL,Display!L14)} | I11: {=IF(ISBLANK(Display!M14),NULL,Display!M14)} | J11: {=IF(ISBLANK(Display!N14),NULL,Display!N14)} | K11: {=IF(ISBLANK(Display!O14),NULL,Display!O14)} | L11: {=IF(ISBLANK(Display!P14),NULL,Display!P14)} | M11: {=IF(ISBLANK(Display!Q14),NULL,Display!Q14)} | N11: {=IF(ISBLANK(Display!R14),NULL,Display!R14)} | O11: =IF(ISBLANK(A11),"",MAX($F11:$N11)) | P11: =IF(ISBLANK(Display!I14),"",Display!I14) | S11: AM(C) | T11: =COUNTIF(P:P,S11) | AF11: 3
A12: =IF(ISBLANK(Display!A51),,Display!A51) | B12: =IF($C12>0,Display!B51,) | C12: =IF(ISBLANK(Display!C51),"",Display!C51) | D12: =IF(ISBLANK(Display!D51),"",Display!D51) | E12: =IF(ISBLANK(Display!E51),"",Display!E51) | F12: {=IF(ISBLANK(Display!J51),NULL,Display!J51)} | G12: {=IF(ISBLANK(Display!K51),NULL,Display!K51)} | H12: {=IF(ISBLANK(Display!L51),NULL,Display!L51)} | I12: {=IF(ISBLANK(Display!M51),NULL,Display!M51)} | J12: {=IF(ISBLANK(Display!N51),NULL,Display!N51)} | K12: {=IF(ISBLANK(Display!O51),NULL,Display!O51)} | L12: {=IF(ISBLANK(Display!P51),NULL,Display!P51)} | M12: {=IF(ISBLANK(Display!Q51),NULL,Display!Q51)} | N12: {=IF(ISBLANK(Display!R51),NULL,Display!R51)} | O12: =IF(ISBLANK(A12),"",MAX($F12:$N12)) | P12: =IF(ISBLANK(Display!I51),"",Display!I51) | S12: AM(L) | T12: =COUNTIF(P:P,S12) | AF12: 2
A13: =IF(ISBLANK(Display!A20),,Display!A20) | B13: =IF($C13>0,Display!B20,) | C13: =IF(ISBLANK(Display!C20),"",Display!C20) | D13: =IF(ISBLANK(Display!D20),"",Display!D20) | E13: =IF(ISBLANK(Display!E20),"",Display!E20) | F13: {=IF(ISBLANK(Display!J20),NULL,Display!J20)} | G13: {=IF(ISBLANK(Display!K20),NULL,Display!K20)} | H13: {=IF(ISBLANK(Display!L20),NULL,Display!L20)} | I13: {=IF(ISBLANK(Display!M20),NULL,Display!M20)} | J13: {=IF(ISBLANK(Display!N20),NULL,Display!N20)} | K13: {=IF(ISBLANK(Display!O20),NULL,Display!O20)} | L13: {=IF(ISBLANK(Display!P20),NULL,Display!P20)} | M13: {=IF(ISBLANK(Display!Q20),NULL,Display!Q20)} | N13: {=IF(ISBLANK(Display!R20),NULL,Display!R20)} | O13: =IF(ISBLANK(A13),"",MAX($F13:$N13)) | P13: =IF(ISBLANK(Display!I20),"",Display!I20) | S13: ST(C) | T13: =COUNTIF(P:P,S13) | AF13: 1
A14: =IF(ISBLANK(Display!A53),,Display!A53) | B14: =IF($C14>0,Display!B53,) | C14: =IF(ISBLANK(Display!C53),"",Display!C53) | D14: =IF(ISBLANK(Display!D53),"",Display!D53) | E14: =IF(ISBLANK(Display!E53),"",Display!E53) | F14: {=IF(ISBLANK(Display!J53),NULL,Display!J53)} | G14: {=IF(ISBLANK(Display!K53),NULL,Display!K53)} | H14: {=IF(ISBLANK(Display!L53),NULL,Display!L53)} | I14: {=IF(ISBLANK(Display!M53),NULL,Display!M53)} | J14: {=IF(ISBLANK(Display!N53),NULL,Display!N53)} | K14: {=IF(ISBLANK(Display!O53),NULL,Display!O53)} | L14: {=IF(ISBLANK(Display!P53),NULL,Display!P53)} | M14: {=IF(ISBLANK(Display!Q53),NULL,Display!Q53)} | N14: {=IF(ISBLANK(Display!R53),NULL,Display!R53)} | O14: =IF(ISBLANK(A14),"",MAX($F14:$N14)) | P14: =IF(ISBLANK(Display!I53),"",Display!I53)
A15: =IF(ISBLANK(Display!A19),,Display!A19) | B15: =IF($C15>0,Display!B19,) | C15: =IF(ISBLANK(Display!C19),"",Display!C19) | D15: =IF(ISBLANK(Display!D19),"",Display!D19) | E15: =IF(ISBLANK(Display!E19),"",Display!E19) | F15: {=IF(ISBLANK(Display!J19),NULL,Display!J19)} | G15: {=IF(ISBLANK(Display!K19),NULL,Display!K19)} | H15: {=IF(ISBLANK(Display!L19),NULL,Display!L19)} | I15: {=IF(ISBLANK(Display!M19),NULL,Display!M19)} | J15: {=IF(ISBLANK(Display!N19),NULL,Display!N19)} | K15: {=IF(ISBLANK(Display!O19),NULL,Display!O19)} | L15: {=IF(ISBLANK(Display!P19),NULL,Display!P19)} | M15: {=IF(ISBLANK(Display!Q19),NULL,Display!Q19)} | N15: {=IF(ISBLANK(Display!R19),NULL,Display!R19)} | O15: =IF(ISBLANK(A15),"",MAX($F15:$N15)) | P15: =IF(ISBLANK(Display!I19),"",Display!I19)
A16: =IF(ISBLANK(Display!A23),,Display!A23) | B16: =IF($C16>0,Display!B23,) | C16: =IF(ISBLANK(Display!C23),"",Display!C23) | D16: =IF(ISBLANK(Display!D23),"",Display!D23) | E16: =IF(ISBLANK(Display!E23),"",Display!E23) | F16: {=IF(ISBLANK(Display!J23),NULL,Display!J23)} | G16: {=IF(ISBLANK(Display!K23),NULL,Display!K23)} | H16: {=IF(ISBLANK(Display!L23),NULL,Display!L23)} | I16: {=IF(ISBLANK(Display!M23),NULL,Display!M23)} | J16: {=IF(ISBLANK(Display!N23),NULL,Display!N23)} | K16: {=IF(ISBLANK(Display!O23),NULL,Display!O23)} | L16: {=IF(ISBLANK(Display!P23),NULL,Display!P23)} | M16: {=IF(ISBLANK(Display!Q23),NULL,Display!Q23)} | N16: {=IF(ISBLANK(Display!R23),NULL,Display!R23)} | O16: =IF(ISBLANK(A16),"",MAX($F16:$N16)) | P16: =IF(ISBLANK(Display!I23),"",Display!I23) | T16: Starting XI | Z16: Starting XI
A17: =IF(ISBLANK(Display!A69),,Display!A69) | B17: =IF($C17>0,Display!B69,) | C17: =IF(ISBLANK(Display!C69),"",Display!C69) | D17: =IF(ISBLANK(Display!D69),"",Display!D69) | E17: =IF(ISBLANK(Display!E69),"",Display!E69) | F17: {=IF(ISBLANK(Display!J69),NULL,Display!J69)} | G17: {=IF(ISBLANK(Display!K69),NULL,Display!K69)} | H17: {=IF(ISBLANK(Display!L69),NULL,Display!L69)} | I17: {=IF(ISBLANK(Display!M69),NULL,Display!M69)} | J17: {=IF(ISBLANK(Display!N69),NULL,Display!N69)} | K17: {=IF(ISBLANK(Display!O69),NULL,Display!O69)} | L17: {=IF(ISBLANK(Display!P69),NULL,Display!P69)} | M17: {=IF(ISBLANK(Display!Q69),NULL,Display!Q69)} | N17: {=IF(ISBLANK(Display!R69),NULL,Display!R69)} | O17: =IF(ISBLANK(A17),"",MAX($F17:$N17)) | P17: =IF(ISBLANK(Display!I69),"",Display!I69) | T17: Name | U17: Age | V17: CA / PA | W17: Pos. Rating | Z17: Name | AA17: Age | AB17: CA / PA | AC17: Pos. Rating
A18: =IF(ISBLANK(Display!A4),,Display!A4) | B18: =IF($C18>0,Display!B4,) | C18: =IF(ISBLANK(Display!C4),"",Display!C4) | D18: =IF(ISBLANK(Display!D4),"",Display!D4) | E18: =IF(ISBLANK(Display!E4),"",Display!E4) | F18: {=IF(ISBLANK(Display!J4),NULL,Display!J4)} | G18: {=IF(ISBLANK(Display!K4),NULL,Display!K4)} | H18: {=IF(ISBLANK(Display!L4),NULL,Display!L4)} | I18: {=IF(ISBLANK(Display!M4),NULL,Display!M4)} | J18: {=IF(ISBLANK(Display!N4),NULL,Display!N4)} | K18: {=IF(ISBLANK(Display!O4),NULL,Display!O4)} | L18: {=IF(ISBLANK(Display!P4),NULL,Display!P4)} | M18: {=IF(ISBLANK(Display!Q4),NULL,Display!Q4)} | N18: {=IF(ISBLANK(Display!R4),NULL,Display!R4)} | O18: =IF(ISBLANK(A18),"",MAX($F18:$N18)) | P18: =IF(ISBLANK(Display!I4),"",Display!I4) | S18: GK | T18: Ashley Sarahs | U18: =IFERROR(VLOOKUP($T18,$A$2:$P$500,3,FALSE),"") | V18: =IFERROR(VLOOKUP($T18,$A$2:$P$500,4,FALSE)&" / "&VLOOKUP($T18,$A$2:$P$500,5,FALSE),"") | W18: =IFERROR(VLOOKUP(T18,$A$2:$P$500,14,FALSE),"") | Y18: GK | Z18: Michael Shaw | AA18: =IFERROR(VLOOKUP($Z18,$A$2:$P$500,3,FALSE),"") | AB18: =IFERROR(VLOOKUP($Z18,$A$2:$P$500,4,FALSE)&" / "&VLOOKUP($Z18,$A$2:$P$500,5,FALSE),"") | AC18: =IFERROR(VLOOKUP(Z18,$A$2:$P$500,14,FALSE),"")
A19: =IF(ISBLANK(Display!A16),,Display!A16) | B19: =IF($C19>0,Display!B16,) | C19: =IF(ISBLANK(Display!C16),"",Display!C16) | D19: =IF(ISBLANK(Display!D16),"",Display!D16) | E19: =IF(ISBLANK(Display!E16),"",Display!E16) | F19: {=IF(ISBLANK(Display!J16),NULL,Display!J16)} | G19: {=IF(ISBLANK(Display!K16),NULL,Display!K16)} | H19: {=IF(ISBLANK(Display!L16),NULL,Display!L16)} | I19: {=IF(ISBLANK(Display!M16),NULL,Display!M16)} | J19: {=IF(ISBLANK(Display!N16),NULL,Display!N16)} | K19: {=IF(ISBLANK(Display!O16),NULL,Display!O16)} | L19: {=IF(ISBLANK(Display!P16),NULL,Display!P16)} | M19: {=IF(ISBLANK(Display!Q16),NULL,Display!Q16)} | N19: {=IF(ISBLANK(Display!R16),NULL,Display!R16)} | O19: =IF(ISBLANK(A19),"",MAX($F19:$N19)) | P19: =IF(ISBLANK(Display!I16),"",Display!I16) | S19: D(R) | T19: Hisashi Roddy | U19: =IFERROR(VLOOKUP($T19,$A$2:$P$500,3,FALSE),"") | V19: =IFERROR(VLOOKUP($T19,$A$2:$P$500,4,FALSE)&" / "&VLOOKUP($T19,$A$2:$P$500,5,FALSE),"") | W19: =IFERROR(VLOOKUP(T19,$A$2:$P$500,14,FALSE),"") | Y19: D(R) | Z19: Joseph James | AA19: =IFERROR(VLOOKUP($Z19,$A$2:$P$500,3,FALSE),"") | AB19: =IFERROR(VLOOKUP($Z19,$A$2:$P$500,4,FALSE)&" / "&VLOOKUP($Z19,$A$2:$P$500,5,FALSE),"") | AC19: =IFERROR(VLOOKUP(Z19,$A$2:$P$500,14,FALSE),"")
A20: =IF(ISBLANK(Display!A25),,Display!A25) | B20: =IF($C20>0,Display!B25,) | C20: =IF(ISBLANK(Display!C25),"",Display!C25) | D20: =IF(ISBLANK(Display!D25),"",Display!D25) | E20: =IF(ISBLANK(Display!E25),"",Display!E25) | F20: {=IF(ISBLANK(Display!J25),NULL,Display!J25)} | G20: {=IF(ISBLANK(Display!K25),NULL,Display!K25)} | H20: {=IF(ISBLANK(Display!L25),NULL,Display!L25)} | I20: {=IF(ISBLANK(Display!M25),NULL,Display!M25)} | J20: {=IF(ISBLANK(Display!N25),NULL,Display!N25)} | K20: {=IF(ISBLANK(Display!O25),NULL,Display!O25)} | L20: {=IF(ISBLANK(Display!P25),NULL,Display!P25)} | M20: {=IF(ISBLANK(Display!Q25),NULL,Display!Q25)} | N20: {=IF(ISBLANK(Display!R25),NULL,Display!R25)} | O20: =IF(ISBLANK(A20),"",MAX($F20:$N20)) | P20: =IF(ISBLANK(Display!I25),"",Display!I25) | S20: D(C) | T20: Asa Hall | U20: =IFERROR(VLOOKUP($T20,$A$2:$P$500,3,FALSE),"") | V20: =IFERROR(VLOOKUP($T20,$A$2:$P$500,4,FALSE)&" / "&VLOOKUP($T20,$A$2:$P$500,5,FALSE),"") | W20: =IFERROR(VLOOKUP(T20,$A$2:$P$500,14,FALSE),"") | Y20: D(C) | Z20: Jayden Cumberbatch | AA20: =IFERROR(VLOOKUP($Z20,$A$2:$P$500,3,FALSE),"") | AB20: =IFERROR(VLOOKUP($Z20,$A$2:$P$500,4,FALSE)&" / "&VLOOKUP($Z20,$A$2:$P$500,5,FALSE),"") | AC20: =IFERROR(VLOOKUP(Z20,$A$2:$P$500,14,FALSE),"")
A21: =IF(ISBLANK(Display!A36),,Display!A36) | B21: =IF($C21>0,Display!B36,) | C21: =IF(ISBLANK(Display!C36),"",Display!C36) | D21: =IF(ISBLANK(Display!D36),"",Display!D36) | E21: =IF(ISBLANK(Display!E36),"",Display!E36) | F21: {=IF(ISBLANK(Display!J36),NULL,Display!J36)} | G21: {=IF(ISBLANK(Display!K36),NULL,Display!K36)} | H21: {=IF(ISBLANK(Display!L36),NULL,Display!L36)} | I21: {=IF(ISBLANK(Display!M36),NULL,Display!M36)} | J21: {=IF(ISBLANK(Display!N36),NULL,Display!N36)} | K21: {=IF(ISBLANK(Display!O36),NULL,Display!O36)} | L21: {=IF(ISBLANK(Display!P36),NULL,Display!P36)} | M21: {=IF(ISBLANK(Display!Q36),NULL,Display!Q36)} | N21: {=IF(ISBLANK(Display!R36),NULL,Display!R36)} | O21: =IF(ISBLANK(A21),"",MAX($F21:$N21)) | P21: =IF(ISBLANK(Display!I36),"",Display!I36) | S21: D(C) | T21: Jada Mawongo | U21: =IFERROR(VLOOKUP($T21,$A$2:$P$500,3,FALSE),"") | V21: =IFERROR(VLOOKUP($T21,$A$2:$P$500,4,FALSE)&" / "&VLOOKUP($T21,$A$2:$P$500,5,FALSE),"") | W21: =IFERROR(VLOOKUP(T21,$A$2:$P$500,14,FALSE),"") | Y21: D(C) | Z21: Maxwell Redman | AA21: =IFERROR(VLOOKUP($Z21,$A$2:$P$500,3,FALSE),"") | AB21: =IFERROR(VLOOKUP($Z21,$A$2:$P$500,4,FALSE)&" / "&VLOOKUP($Z21,$A$2:$P$500,5,FALSE),"") | AC21: =IFERROR(VLOOKUP(Z21,$A$2:$P$500,14,FALSE),"")
A22: =IF(ISBLANK(Display!A44),,Display!A44) | B22: =IF($C22>0,Display!B44,) | C22: =IF(ISBLANK(Display!C44),"",Display!C44) | D22: =IF(ISBLANK(Display!D44),"",Display!D44) | E22: =IF(ISBLANK(Display!E44),"",Display!E44) | F22: {=IF(ISBLANK(Display!J44),NULL,Display!J44)} | G22: {=IF(ISBLANK(Display!K44),NULL,Display!K44)} | H22: {=IF(ISBLANK(Display!L44),NULL,Display!L44)} | I22: {=IF(ISBLANK(Display!M44),NULL,Display!M44)} | J22: {=IF(ISBLANK(Display!N44),NULL,Display!N44)} | K22: {=IF(ISBLANK(Display!O44),NULL,Display!O44)} | L22: {=IF(ISBLANK(Display!P44),NULL,Display!P44)} | M22: {=IF(ISBLANK(Display!Q44),NULL,Display!Q44)} | N22: {=IF(ISBLANK(Display!R44),NULL,Display!R44)} | O22: =IF(ISBLANK(A22),"",MAX($F22:$N22)) | P22: =IF(ISBLANK(Display!I44),"",Display!I44) | S22: D(L) | T22: Ryan Penny | U22: =IFERROR(VLOOKUP($T22,$A$2:$P$500,3,FALSE),"") | V22: =IFERROR(VLOOKUP($T22,$A$2:$P$500,4,FALSE)&" / "&VLOOKUP($T22,$A$2:$P$500,5,FALSE),"") | W22: =IFERROR(VLOOKUP(T22,$A$2:$P$500,14,FALSE),"") | Y22: D(L) | Z22: Taye Weir | AA22: =IFERROR(VLOOKUP($Z22,$A$2:$P$500,3,FALSE),"") | AB22: =IFERROR(VLOOKUP($Z22,$A$2:$P$500,4,FALSE)&" / "&VLOOKUP($Z22,$A$2:$P$500,5,FALSE),"") | AC22: =IFERROR(VLOOKUP(Z22,$A$2:$P$500,14,FALSE),"")
A23: =IF(ISBLANK(Display!A73),,Display!A73) | B23: =IF($C23>0,Display!B73,) | C23: =IF(ISBLANK(Display!C73),"",Display!C73) | D23: =IF(ISBLANK(Display!D73),"",Display!D73) | E23: =IF(ISBLANK(Display!E73),"",Display!E73) | F23: {=IF(ISBLANK(Display!J73),NULL,Display!J73)} | G23: {=IF(ISBLANK(Display!K73),NULL,Display!K73)} | H23: {=IF(ISBLANK(Display!L73),NULL,Display!L73)} | I23: {=IF(ISBLANK(Display!M73),NULL,Display!M73)} | J23: {=IF(ISBLANK(Display!N73),NULL,Display!N73)} | K23: {=IF(ISBLANK(Display!O73),NULL,Display!O73)} | L23: {=IF(ISBLANK(Display!P73),NULL,Display!P73)} | M23: {=IF(ISBLANK(Display!Q73),NULL,Display!Q73)} | N23: {=IF(ISBLANK(Display!R73),NULL,Display!R73)} | O23: =IF(ISBLANK(A23),"",MAX($F23:$N23)) | P23: =IF(ISBLANK(Display!I73),"",Display!I73) | S23: DM - DLP | T23: Aydin Webb | U23: =IFERROR(VLOOKUP($T23,$A$2:$P$500,3,FALSE),"") | V23: =IFERROR(VLOOKUP($T23,$A$2:$P$500,4,FALSE)&" / "&VLOOKUP($T23,$A$2:$P$500,5,FALSE),"") | W23: =IFERROR(VLOOKUP(T23,$A$2:$P$500,14,FALSE),"") | Y23: DM - DLP | Z23: Connor Underhill | AA23: =IFERROR(VLOOKUP($Z23,$A$2:$P$500,3,FALSE),"") | AB23: =IFERROR(VLOOKUP($Z23,$A$2:$P$500,4,FALSE)&" / "&VLOOKUP($Z23,$A$2:$P$500,5,FALSE),"") | AC23: =IFERROR(VLOOKUP(Z23,$A$2:$P$500,14,FALSE),"")
A24: =IF(ISBLANK(Display!A68),,Display!A68) | B24: =IF($C24>0,Display!B68,) | C24: =IF(ISBLANK(Display!C68),"",Display!C68) | D24: =IF(ISBLANK(Display!D68),"",Display!D68) | E24: =IF(ISBLANK(Display!E68),"",Display!E68) | F24: {=IF(ISBLANK(Display!J68),NULL,Display!J68)} | G24: {=IF(ISBLANK(Display!K68),NULL,Display!K68)} | H24: {=IF(ISBLANK(Display!L68),NULL,Display!L68)} | I24: {=IF(ISBLANK(Display!M68),NULL,Display!M68)} | J24: {=IF(ISBLANK(Display!N68),NULL,Display!N68)} | K24: {=IF(ISBLANK(Display!O68),NULL,Display!O68)} | L24: {=IF(ISBLANK(Display!P68),NULL,Display!P68)} | M24: {=IF(ISBLANK(Display!Q68),NULL,Display!Q68)} | N24: {=IF(ISBLANK(Display!R68),NULL,Display!R68)} | O24: =IF(ISBLANK(A24),"",MAX($F24:$N24)) | P24: =IF(ISBLANK(Display!I68),"",Display!I68) | S24: DM - DM | T24: Andrey Quintino | U24: =IFERROR(VLOOKUP($T24,$A$2:$P$500,3,FALSE),"") | V24: =IFERROR(VLOOKUP($T24,$A$2:$P$500,4,FALSE)&" / "&VLOOKUP($T24,$A$2:$P$500,5,FALSE),"") | W24: =IFERROR(VLOOKUP(T24,$A$2:$P$500,14,FALSE),"") | Y24: DM - DM | Z24: Joshua Adepoju | AA24: =IFERROR(VLOOKUP($Z24,$A$2:$P$500,3,FALSE),"") | AB24: =IFERROR(VLOOKUP($Z24,$A$2:$P$500,4,FALSE)&" / "&VLOOKUP($Z24,$A$2:$P$500,5,FALSE),"") | AC24: =IFERROR(VLOOKUP(Z24,$A$2:$P$500,14,FALSE),"")
A25: =IF(ISBLANK(Display!A6),,Display!A6) | B25: =IF($C25>0,Display!B6,) | C25: =IF(ISBLANK(Display!C6),"",Display!C6) | D25: =IF(ISBLANK(Display!D6),"",Display!D6) | E25: =IF(ISBLANK(Display!E6),"",Display!E6) | F25: {=IF(ISBLANK(Display!J6),NULL,Display!J6)} | G25: {=IF(ISBLANK(Display!K6),NULL,Display!K6)} | H25: {=IF(ISBLANK(Display!L6),NULL,Display!L6)} | I25: {=IF(ISBLANK(Display!M6),NULL,Display!M6)} | J25: {=IF(ISBLANK(Display!N6),NULL,Display!N6)} | K25: {=IF(ISBLANK(Display!O6),NULL,Display!O6)} | L25: {=IF(ISBLANK(Display!P6),NULL,Display!P6)} | M25: {=IF(ISBLANK(Display!Q6),NULL,Display!Q6)} | N25: {=IF(ISBLANK(Display!R6),NULL,Display!R6)} | O25: =IF(ISBLANK(A25),"",MAX($F25:$N25)) | P25: =IF(ISBLANK(Display!I6),"",Display!I6) | S25: AM(R) | T25: Paul Stroud | U25: =IFERROR(VLOOKUP($T25,$A$2:$P$500,3,FALSE),"") | V25: =IFERROR(VLOOKUP($T25,$A$2:$P$500,4,FALSE)&" / "&VLOOKUP($T25,$A$2:$P$500,5,FALSE),"") | W25: =IFERROR(VLOOKUP(T25,$A$2:$P$500,14,FALSE),"") | Y25: AM(R) | Z25: Mateusz Widz | AA25: =IFERROR(VLOOKUP($Z25,$A$2:$P$500,3,FALSE),"") | AB25: =IFERROR(VLOOKUP($Z25,$A$2:$P$500,4,FALSE)&" / "&VLOOKUP($Z25,$A$2:$P$500,5,FALSE),"") | AC25: =IFERROR(VLOOKUP(Z25,$A$2:$P$500,14,FALSE),"")
A26: =IF(ISBLANK(Display!A58),,Display!A58) | B26: =IF($C26>0,Display!B58,) | C26: =IF(ISBLANK(Display!C58),"",Display!C58) | D26: =IF(ISBLANK(Display!D58),"",Display!D58) | E26: =IF(ISBLANK(Display!E58),"",Display!E58) | F26: {=IF(ISBLANK(Display!J58),NULL,Display!J58)} | G26: {=IF(ISBLANK(Display!K58),NULL,Display!K58)} | H26: {=IF(ISBLANK(Display!L58),NULL,Display!L58)} | I26: {=IF(ISBLANK(Display!M58),NULL,Display!M58)} | J26: {=IF(ISBLANK(Display!N58),NULL,Display!N58)} | K26: {=IF(ISBLANK(Display!O58),NULL,Display!O58)} | L26: {=IF(ISBLANK(Display!P58),NULL,Display!P58)} | M26: {=IF(ISBLANK(Display!Q58),NULL,Display!Q58)} | N26: {=IF(ISBLANK(Display!R58),NULL,Display!R58)} | O26: =IF(ISBLANK(A26),"",MAX($F26:$N26)) | P26: =IF(ISBLANK(Display!I58),"",Display!I58) | S26: AM(C) | T26: Marc Mitchell | U26: =IFERROR(VLOOKUP($T26,$A$2:$P$500,3,FALSE),"") | V26: =IFERROR(VLOOKUP($T26,$A$2:$P$500,4,FALSE)&" / "&VLOOKUP($T26,$A$2:$P$500,5,FALSE),"") | W26: =IFERROR(VLOOKUP(T26,$A$2:$P$500,14,FALSE),"") | Y26: AM(C) | Z26: Allan Hall | AA26: =IFERROR(VLOOKUP($Z26,$A$2:$P$500,3,FALSE),"") | AB26: =IFERROR(VLOOKUP($Z26,$A$2:$P$500,4,FALSE)&" / "&VLOOKUP($Z26,$A$2:$P$500,5,FALSE),"") | AC26: =IFERROR(VLOOKUP(Z26,$A$2:$P$500,14,FALSE),"")
A27: =IF(ISBLANK(Display!A15),,Display!A15) | B27: =IF($C27>0,Display!B15,) | C27: =IF(ISBLANK(Display!C15),"",Display!C15) | D27: =IF(ISBLANK(Display!D15),"",Display!D15) | E27: =IF(ISBLANK(Display!E15),"",Display!E15) | F27: {=IF(ISBLANK(Display!J15),NULL,Display!J15)} | G27: {=IF(ISBLANK(Display!K15),NULL,Display!K15)} | H27: {=IF(ISBLANK(Display!L15),NULL,Display!L15)} | I27: {=IF(ISBLANK(Display!M15),NULL,Display!M15)} | J27: {=IF(ISBLANK(Display!N15),NULL,Display!N15)} | K27: {=IF(ISBLANK(Display!O15),NULL,Display!O15)} | L27: {=IF(ISBLANK(Display!P15),NULL,Display!P15)} | M27: {=IF(ISBLANK(Display!Q15),NULL,Display!Q15)} | N27: {=IF(ISBLANK(Display!R15),NULL,Display!R15)} | O27: =IF(ISBLANK(A27),"",MAX($F27:$N27)) | P27: =IF(ISBLANK(Display!I15),"",Display!I15) | S27: AM(L) | T27: Scot Little | U27: =IFERROR(VLOOKUP($T27,$A$2:$P$500,3,FALSE),"") | V27: =IFERROR(VLOOKUP($T27,$A$2:$P$500,4,FALSE)&" / "&VLOOKUP($T27,$A$2:$P$500,5,FALSE),"") | W27: =IFERROR(VLOOKUP(T27,$A$2:$P$500,14,FALSE),"") | Y27: AM(L) | Z27: Peter Purcell | AA27: =IFERROR(VLOOKUP($Z27,$A$2:$P$500,3,FALSE),"") | AB27: =IFERROR(VLOOKUP($Z27,$A$2:$P$500,4,FALSE)&" / "&VLOOKUP($Z27,$A$2:$P$500,5,FALSE),"") | AC27: =IFERROR(VLOOKUP(Z27,$A$2:$P$500,14,FALSE),"")
A28: =IF(ISBLANK(Display!A24),,Display!A24) | B28: =IF($C28>0,Display!B24,) | C28: =IF(ISBLANK(Display!C24),"",Display!C24) | D28: =IF(ISBLANK(Display!D24),"",Display!D24) | E28: =IF(ISBLANK(Display!E24),"",Display!E24) | F28: {=IF(ISBLANK(Display!J24),NULL,Display!J24)} | G28: {=IF(ISBLANK(Display!K24),NULL,Display!K24)} | H28: {=IF(ISBLANK(Display!L24),NULL,Display!L24)} | I28: {=IF(ISBLANK(Display!M24),NULL,Display!M24)} | J28: {=IF(ISBLANK(Display!N24),NULL,Display!N24)} | K28: {=IF(ISBLANK(Display!O24),NULL,Display!O24)} | L28: {=IF(ISBLANK(Display!P24),NULL,Display!P24)} | M28: {=IF(ISBLANK(Display!Q24),NULL,Display!Q24)} | N28: {=IF(ISBLANK(Display!R24),NULL,Display!R24)} | O28: =IF(ISBLANK(A28),"",MAX($F28:$N28)) | P28: =IF(ISBLANK(Display!I24),"",Display!I24) | S28: ST(C) | T28: Alan Hackney | U28: =IFERROR(VLOOKUP($T28,$A$2:$P$500,3,FALSE),"") | V28: =IFERROR(VLOOKUP($T28,$A$2:$P$500,4,FALSE)&" / "&VLOOKUP($T28,$A$2:$P$500,5,FALSE),"") | W28: =IFERROR(VLOOKUP(T28,$A$2:$P$500,14,FALSE),"") | Y28: ST(C) | Z28: Daniel Willard | AA28: =IFERROR(VLOOKUP($Z28,$A$2:$P$500,3,FALSE),"") | AB28: =IFERROR(VLOOKUP($Z28,$A$2:$P$500,4,FALSE)&" / "&VLOOKUP($Z28,$A$2:$P$500,5,FALSE),"") | AC28: =IFERROR(VLOOKUP(Z28,$A$2:$P$500,14,FALSE),"")
A29: =IF(ISBLANK(Display!A30),,Display!A30) | B29: =IF($C29>0,Display!B30,) | C29: =IF(ISBLANK(Display!C30),"",Display!C30) | D29: =IF(ISBLANK(Display!D30),"",Display!D30) | E29: =IF(ISBLANK(Display!E30),"",Display!E30) | F29: {=IF(ISBLANK(Display!J30),NULL,Display!J30)} | G29: {=IF(ISBLANK(Display!K30),NULL,Display!K30)} | H29: {=IF(ISBLANK(Display!L30),NULL,Display!L30)} | I29: {=IF(ISBLANK(Display!M30),NULL,Display!M30)} | J29: {=IF(ISBLANK(Display!N30),NULL,Display!N30)} | K29: {=IF(ISBLANK(Display!O30),NULL,Display!O30)} | L29: {=IF(ISBLANK(Display!P30),NULL,Display!P30)} | M29: {=IF(ISBLANK(Display!Q30),NULL,Display!Q30)} | N29: {=IF(ISBLANK(Display!R30),NULL,Display!R30)} | O29: =IF(ISBLANK(A29),"",MAX($F29:$N29)) | P29: =IF(ISBLANK(Display!I30),"",Display!I30)
A30: =IF(ISBLANK(Display!A13),,Display!A13) | B30: =IF($C30>0,Display!B13,) | C30: =IF(ISBLANK(Display!C13),"",Display!C13) | D30: =IF(ISBLANK(Display!D13),"",Display!D13) | E30: =IF(ISBLANK(Display!E13),"",Display!E13) | F30: {=IF(ISBLANK(Display!J13),NULL,Display!J13)} | G30: {=IF(ISBLANK(Display!K13),NULL,Display!K13)} | H30: {=IF(ISBLANK(Display!L13),NULL,Display!L13)} | I30: {=IF(ISBLANK(Display!M13),NULL,Display!M13)} | J30: {=IF(ISBLANK(Display!N13),NULL,Display!N13)} | K30: {=IF(ISBLANK(Display!O13),NULL,Display!O13)} | L30: {=IF(ISBLANK(Display!P13),NULL,Display!P13)} | M30: {=IF(ISBLANK(Display!Q13),NULL,Display!Q13)} | N30: {=IF(ISBLANK(Display!R13),NULL,Display!R13)} | O30: =IF(ISBLANK(A30),"",MAX($F30:$N30)) | P30: =IF(ISBLANK(Display!I13),"",Display!I13) | T30: Rotation 1 | Z30: Rotation 2 | AF30: Rotation 3
A31: =IF(ISBLANK(Display!A63),,Display!A63) | B31: =IF($C31>0,Display!B63,) | C31: =IF(ISBLANK(Display!C63),"",Display!C63) | D31: =IF(ISBLANK(Display!D63),"",Display!D63) | E31: =IF(ISBLANK(Display!E63),"",Display!E63) | F31: {=IF(ISBLANK(Display!J63),NULL,Display!J63)} | G31: {=IF(ISBLANK(Display!K63),NULL,Display!K63)} | H31: {=IF(ISBLANK(Display!L63),NULL,Display!L63)} | I31: {=IF(ISBLANK(Display!M63),NULL,Display!M63)} | J31: {=IF(ISBLANK(Display!N63),NULL,Display!N63)} | K31: {=IF(ISBLANK(Display!O63),NULL,Display!O63)} | L31: {=IF(ISBLANK(Display!P63),NULL,Display!P63)} | M31: {=IF(ISBLANK(Display!Q63),NULL,Display!Q63)} | N31: {=IF(ISBLANK(Display!R63),NULL,Display!R63)} | O31: =IF(ISBLANK(A31),"",MAX($F31:$N31)) | P31: =IF(ISBLANK(Display!I63),"",Display!I63) | T31: Name | U31: Age | V31: CA / PA | W31: Pos. Rating | Z31: Name | AA31: Age | AB31: CA / PA | AC31: Pos. Rating | AF31: Name | AG31: Age | AH31: CA / PA | AI31: Pos. Rating
A32: =IF(ISBLANK(Display!A64),,Display!A64) | B32: =IF($C32>0,Display!B64,) | C32: =IF(ISBLANK(Display!C64),"",Display!C64) | D32: =IF(ISBLANK(Display!D64),"",Display!D64) | E32: =IF(ISBLANK(Display!E64),"",Display!E64) | F32: {=IF(ISBLANK(Display!J64),NULL,Display!J64)} | G32: {=IF(ISBLANK(Display!K64),NULL,Display!K64)} | H32: {=IF(ISBLANK(Display!L64),NULL,Display!L64)} | I32: {=IF(ISBLANK(Display!M64),NULL,Display!M64)} | J32: {=IF(ISBLANK(Display!N64),NULL,Display!N64)} | K32: {=IF(ISBLANK(Display!O64),NULL,Display!O64)} | L32: {=IF(ISBLANK(Display!P64),NULL,Display!P64)} | M32: {=IF(ISBLANK(Display!Q64),NULL,Display!Q64)} | N32: {=IF(ISBLANK(Display!R64),NULL,Display!R64)} | O32: =IF(ISBLANK(A32),"",MAX($F32:$N32)) | P32: =IF(ISBLANK(Display!I64),"",Display!I64) | S32: GK | T32: =T18 | U32: =IFERROR(VLOOKUP($T32,$A$2:$P$500,3,FALSE),"") | V32: =IFERROR(VLOOKUP($T32,$A$2:$P$500,4,FALSE)&" / "&VLOOKUP($T32,$A$2:$P$500,5,FALSE),"") | W32: =IFERROR(VLOOKUP(T32,$A$2:$P$500,14,FALSE),"") | Y32: GK | Z32: =$Z18 | AA32: =IFERROR(VLOOKUP($Z32,$A$2:$P$500,3,FALSE),"") | AB32: =IFERROR(VLOOKUP($Z32,$A$2:$P$500,4,FALSE)&" / "&VLOOKUP($Z32,$A$2:$P$500,5,FALSE),"") | AC32: =IFERROR(VLOOKUP(Z32,$A$2:$P$500,14,FALSE),"") | AE32: GK | AF32: =$T18 | AG32: =IFERROR(VLOOKUP($AF32,$A$2:$P$500,3,FALSE),"") | AH32: =IFERROR(VLOOKUP($AF32,$A$2:$P$500,4,FALSE)&" / "&VLOOKUP($AF32,$A$2:$P$500,5,FALSE),"") | AI32: =IFERROR(VLOOKUP($AF32,$A$2:$P$500,14,FALSE),"")
A33: =IF(ISBLANK(Display!A38),,Display!A38) | B33: =IF($C33>0,Display!B38,) | C33: =IF(ISBLANK(Display!C38),"",Display!C38) | D33: =IF(ISBLANK(Display!D38),"",Display!D38) | E33: =IF(ISBLANK(Display!E38),"",Display!E38) | F33: {=IF(ISBLANK(Display!J38),NULL,Display!J38)} | G33: {=IF(ISBLANK(Display!K38),NULL,Display!K38)} | H33: {=IF(ISBLANK(Display!L38),NULL,Display!L38)} | I33: {=IF(ISBLANK(Display!M38),NULL,Display!M38)} | J33: {=IF(ISBLANK(Display!N38),NULL,Display!N38)} | K33: {=IF(ISBLANK(Display!O38),NULL,Display!O38)} | L33: {=IF(ISBLANK(Display!P38),NULL,Display!P38)} | M33: {=IF(ISBLANK(Display!Q38),NULL,Display!Q38)} | N33: {=IF(ISBLANK(Display!R38),NULL,Display!R38)} | O33: =IF(ISBLANK(A33),"",MAX($F33:$N33)) | P33: =IF(ISBLANK(Display!I38),"",Display!I38) | S33: D(R) | T33: =Z19 | U33: =IFERROR(VLOOKUP($T33,$A$2:$P$500,3,FALSE),"") | V33: =IFERROR(VLOOKUP($T33,$A$2:$P$500,4,FALSE)&" / "&VLOOKUP($T33,$A$2:$P$500,5,FALSE),"") | W33: =IFERROR(VLOOKUP(T33,$A$2:$P$500,14,FALSE),"") | Y33: D(R) | Z33: =$T19 | AA33: =IFERROR(VLOOKUP($Z33,$A$2:$P$500,3,FALSE),"") | AB33: =IFERROR(VLOOKUP($Z33,$A$2:$P$500,4,FALSE)&" / "&VLOOKUP($Z33,$A$2:$P$500,5,FALSE),"") | AC33: =IFERROR(VLOOKUP(Z33,$A$2:$P$500,14,FALSE),"") | AE33: D(R) | AF33: =$T19 | AG33: =IFERROR(VLOOKUP($AF33,$A$2:$P$500,3,FALSE),"") | AH33: =IFERROR(VLOOKUP($AF33,$A$2:$P$500,4,FALSE)&" / "&VLOOKUP($AF33,$A$2:$P$500,5,FALSE),"") | AI33: =IFERROR(VLOOKUP($AF33,$A$2:$P$500,14,FALSE),"")
A34: =IF(ISBLANK(Display!A50),,Display!A50) | B34: =IF($C34>0,Display!B50,) | C34: =IF(ISBLANK(Display!C50),"",Display!C50) | D34: =IF(ISBLANK(Display!D50),"",Display!D50) | E34: =IF(ISBLANK(Display!E50),"",Display!E50) | F34: {=IF(ISBLANK(Display!J50),NULL,Display!J50)} | G34: {=IF(ISBLANK(Display!K50),NULL,Display!K50)} | H34: {=IF(ISBLANK(Display!L50),NULL,Display!L50)} | I34: {=IF(ISBLANK(Display!M50),NULL,Display!M50)} | J34: {=IF(ISBLANK(Display!N50),NULL,Display!N50)} | K34: {=IF(ISBLANK(Display!O50),NULL,Display!O50)} | L34: {=IF(ISBLANK(Display!P50),NULL,Display!P50)} | M34: {=IF(ISBLANK(Display!Q50),NULL,Display!Q50)} | N34: {=IF(ISBLANK(Display!R50),NULL,Display!R50)} | O34: =IF(ISBLANK(A34),"",MAX($F34:$N34)) | P34: =IF(ISBLANK(Display!I50),"",Display!I50) | S34: D(C) | T34: =T20 | U34: =IFERROR(VLOOKUP($T34,$A$2:$P$500,3,FALSE),"") | V34: =IFERROR(VLOOKUP($T34,$A$2:$P$500,4,FALSE)&" / "&VLOOKUP($T34,$A$2:$P$500,5,FALSE),"") | W34: =IFERROR(VLOOKUP(T34,$A$2:$P$500,14,FALSE),"") | Y34: D(C) | Z34: =$Z20 | AA34: =IFERROR(VLOOKUP($Z34,$A$2:$P$500,3,FALSE),"") | AB34: =IFERROR(VLOOKUP($Z34,$A$2:$P$500,4,FALSE)&" / "&VLOOKUP($Z34,$A$2:$P$500,5,FALSE),"") | AC34: =IFERROR(VLOOKUP(Z34,$A$2:$P$500,14,FALSE),"") | AE34: D(C) | AF34: =$T20 | AG34: =IFERROR(VLOOKUP($AF34,$A$2:$P$500,3,FALSE),"") | AH34: =IFERROR(VLOOKUP($AF34,$A$2:$P$500,4,FALSE)&" / "&VLOOKUP($AF34,$A$2:$P$500,5,FALSE),"") | AI34: =IFERROR(VLOOKUP($AF34,$A$2:$P$500,14,FALSE),"")
A35: =IF(ISBLANK(Display!A35),,Display!A35) | B35: =IF($C35>0,Display!B35,) | C35: =IF(ISBLANK(Display!C35),"",Display!C35) | D35: =IF(ISBLANK(Display!D35),"",Display!D35) | E35: =IF(ISBLANK(Display!E35),"",Display!E35) | F35: {=IF(ISBLANK(Display!J35),NULL,Display!J35)} | G35: {=IF(ISBLANK(Display!K35),NULL,Display!K35)} | H35: {=IF(ISBLANK(Display!L35),NULL,Display!L35)} | I35: {=IF(ISBLANK(Display!M35),NULL,Display!M35)} | J35: {=IF(ISBLANK(Display!N35),NULL,Display!N35)} | K35: {=IF(ISBLANK(Display!O35),NULL,Display!O35)} | L35: {=IF(ISBLANK(Display!P35),NULL,Display!P35)} | M35: {=IF(ISBLANK(Display!Q35),NULL,Display!Q35)} | N35: {=IF(ISBLANK(Display!R35),NULL,Display!R35)} | O35: =IF(ISBLANK(A35),"",MAX($F35:$N35)) | P35: =IF(ISBLANK(Display!I35),"",Display!I35) | S35: D(C) | T35: =T21 | U35: =IFERROR(VLOOKUP($T35,$A$2:$P$500,3,FALSE),"") | V35: =IFERROR(VLOOKUP($T35,$A$2:$P$500,4,FALSE)&" / "&VLOOKUP($T35,$A$2:$P$500,5,FALSE),"") | W35: =IFERROR(VLOOKUP(T35,$A$2:$P$500,14,FALSE),"") | Y35: D(C) | Z35: =$Z21 | AA35: =IFERROR(VLOOKUP($Z35,$A$2:$P$500,3,FALSE),"") | AB35: =IFERROR(VLOOKUP($Z35,$A$2:$P$500,4,FALSE)&" / "&VLOOKUP($Z35,$A$2:$P$500,5,FALSE),"") | AC35: =IFERROR(VLOOKUP(Z35,$A$2:$P$500,14,FALSE),"") | AE35: D(C) | AF35: =$T21 | AG35: =IFERROR(VLOOKUP($AF35,$A$2:$P$500,3,FALSE),"") | AH35: =IFERROR(VLOOKUP($AF35,$A$2:$P$500,4,FALSE)&" / "&VLOOKUP($AF35,$A$2:$P$500,5,FALSE),"") | AI35: =IFERROR(VLOOKUP($AF35,$A$2:$P$500,14,FALSE),"")
A36: =IF(ISBLANK(Display!A57),,Display!A57) | B36: =IF($C36>0,Display!B57,) | C36: =IF(ISBLANK(Display!C57),"",Display!C57) | D36: =IF(ISBLANK(Display!D57),"",Display!D57) | E36: =IF(ISBLANK(Display!E57),"",Display!E57) | F36: {=IF(ISBLANK(Display!J57),NULL,Display!J57)} | G36: {=IF(ISBLANK(Display!K57),NULL,Display!K57)} | H36: {=IF(ISBLANK(Display!L57),NULL,Display!L57)} | I36: {=IF(ISBLANK(Display!M57),NULL,Display!M57)} | J36: {=IF(ISBLANK(Display!N57),NULL,Display!N57)} | K36: {=IF(ISBLANK(Display!O57),NULL,Display!O57)} | L36: {=IF(ISBLANK(Display!P57),NULL,Display!P57)} | M36: {=IF(ISBLANK(Display!Q57),NULL,Display!Q57)} | N36: {=IF(ISBLANK(Display!R57),NULL,Display!R57)} | O36: =IF(ISBLANK(A36),"",MAX($F36:$N36)) | P36: =IF(ISBLANK(Display!I57),"",Display!I57) | S36: D(L) | T36: =Z22 | U36: =IFERROR(VLOOKUP($T36,$A$2:$P$500,3,FALSE),"") | V36: =IFERROR(VLOOKUP($T36,$A$2:$P$500,4,FALSE)&" / "&VLOOKUP($T36,$A$2:$P$500,5,FALSE),"") | W36: =IFERROR(VLOOKUP(T36,$A$2:$P$500,14,FALSE),"") | Y36: D(L) | Z36: =$T22 | AA36: =IFERROR(VLOOKUP($Z36,$A$2:$P$500,3,FALSE),"") | AB36: =IFERROR(VLOOKUP($Z36,$A$2:$P$500,4,FALSE)&" / "&VLOOKUP($Z36,$A$2:$P$500,5,FALSE),"") | AC36: =IFERROR(VLOOKUP(Z36,$A$2:$P$500,14,FALSE),"") | AE36: D(L) | AF36: =$T22 | AG36: =IFERROR(VLOOKUP($AF36,$A$2:$P$500,3,FALSE),"") | AH36: =IFERROR(VLOOKUP($AF36,$A$2:$P$500,4,FALSE)&" / "&VLOOKUP($AF36,$A$2:$P$500,5,FALSE),"") | AI36: =IFERROR(VLOOKUP($AF36,$A$2:$P$500,14,FALSE),"")
A37: =IF(ISBLANK(Display!A10),,Display!A10) | B37: =IF($C37>0,Display!B10,) | C37: =IF(ISBLANK(Display!C10),"",Display!C10) | D37: =IF(ISBLANK(Display!D10),"",Display!D10) | E37: =IF(ISBLANK(Display!E10),"",Display!E10) | F37: {=IF(ISBLANK(Display!J10),NULL,Display!J10)} | G37: {=IF(ISBLANK(Display!K10),NULL,Display!K10)} | H37: {=IF(ISBLANK(Display!L10),NULL,Display!L10)} | I37: {=IF(ISBLANK(Display!M10),NULL,Display!M10)} | J37: {=IF(ISBLANK(Display!N10),NULL,Display!N10)} | K37: {=IF(ISBLANK(Display!O10),NULL,Display!O10)} | L37: {=IF(ISBLANK(Display!P10),NULL,Display!P10)} | M37: {=IF(ISBLANK(Display!Q10),NULL,Display!Q10)} | N37: {=IF(ISBLANK(Display!R10),NULL,Display!R10)} | O37: =IF(ISBLANK(A37),"",MAX($F37:$N37)) | P37: =IF(ISBLANK(Display!I10),"",Display!I10) | S37: DM - DLP | T37: =T23 | U37: =IFERROR(VLOOKUP($T37,$A$2:$P$500,3,FALSE),"") | V37: =IFERROR(VLOOKUP($T37,$A$2:$P$500,4,FALSE)&" / "&VLOOKUP($T37,$A$2:$P$500,5,FALSE),"") | W37: =IFERROR(VLOOKUP(T37,$A$2:$P$500,14,FALSE),"") | Y37: DM - DLP | Z37: =$T23 | AA37: =IFERROR(VLOOKUP($Z37,$A$2:$P$500,3,FALSE),"") | AB37: =IFERROR(VLOOKUP($Z37,$A$2:$P$500,4,FALSE)&" / "&VLOOKUP($Z37,$A$2:$P$500,5,FALSE),"") | AC37: =IFERROR(VLOOKUP(Z37,$A$2:$P$500,14,FALSE),"") | AE37: DM - DLP | AF37: =$Z23 | AG37: =IFERROR(VLOOKUP($AF37,$A$2:$P$500,3,FALSE),"") | AH37: =IFERROR(VLOOKUP($AF37,$A$2:$P$500,4,FALSE)&" / "&VLOOKUP($AF37,$A$2:$P$500,5,FALSE),"") | AI37: =IFERROR(VLOOKUP($AF37,$A$2:$P$500,14,FALSE),"")
A38: =IF(ISBLANK(Display!A31),,Display!A31) | B38: =IF($C38>0,Display!B31,) | C38: =IF(ISBLANK(Display!C31),"",Display!C31) | D38: =IF(ISBLANK(Display!D31),"",Display!D31) | E38: =IF(ISBLANK(Display!E31),"",Display!E31) | F38: {=IF(ISBLANK(Display!J31),NULL,Display!J31)} | G38: {=IF(ISBLANK(Display!K31),NULL,Display!K31)} | H38: {=IF(ISBLANK(Display!L31),NULL,Display!L31)} | I38: {=IF(ISBLANK(Display!M31),NULL,Display!M31)} | J38: {=IF(ISBLANK(Display!N31),NULL,Display!N31)} | K38: {=IF(ISBLANK(Display!O31),NULL,Display!O31)} | L38: {=IF(ISBLANK(Display!P31),NULL,Display!P31)} | M38: {=IF(ISBLANK(Display!Q31),NULL,Display!Q31)} | N38: {=IF(ISBLANK(Display!R31),NULL,Display!R31)} | O38: =IF(ISBLANK(A38),"",MAX($F38:$N38)) | P38: =IF(ISBLANK(Display!I31),"",Display!I31) | S38: DM - DM | T38: =T24 | U38: =IFERROR(VLOOKUP($T38,$A$2:$P$500,3,FALSE),"") | V38: =IFERROR(VLOOKUP($T38,$A$2:$P$500,4,FALSE)&" / "&VLOOKUP($T38,$A$2:$P$500,5,FALSE),"") | W38: =IFERROR(VLOOKUP(T38,$A$2:$P$500,14,FALSE),"") | Y38: DM - DM | Z38: =$T24 | AA38: =IFERROR(VLOOKUP($Z38,$A$2:$P$500,3,FALSE),"") | AB38: =IFERROR(VLOOKUP($Z38,$A$2:$P$500,4,FALSE)&" / "&VLOOKUP($Z38,$A$2:$P$500,5,FALSE),"") | AC38: =IFERROR(VLOOKUP(Z38,$A$2:$P$500,14,FALSE),"") | AE38: DM - DM | AF38: =$Z24 | AG38: =IFERROR(VLOOKUP($AF38,$A$2:$P$500,3,FALSE),"") | AH38: =IFERROR(VLOOKUP($AF38,$A$2:$P$500,4,FALSE)&" / "&VLOOKUP($AF38,$A$2:$P$500,5,FALSE),"") | AI38: =IFERROR(VLOOKUP($AF38,$A$2:$P$500,14,FALSE),"")
A39: =IF(ISBLANK(Display!A37),,Display!A37) | B39: =IF($C39>0,Display!B37,) | C39: =IF(ISBLANK(Display!C37),"",Display!C37) | D39: =IF(ISBLANK(Display!D37),"",Display!D37) | E39: =IF(ISBLANK(Display!E37),"",Display!E37) | F39: {=IF(ISBLANK(Display!J37),NULL,Display!J37)} | G39: {=IF(ISBLANK(Display!K37),NULL,Display!K37)} | H39: {=IF(ISBLANK(Display!L37),NULL,Display!L37)} | I39: {=IF(ISBLANK(Display!M37),NULL,Display!M37)} | J39: {=IF(ISBLANK(Display!N37),NULL,Display!N37)} | K39: {=IF(ISBLANK(Display!O37),NULL,Display!O37)} | L39: {=IF(ISBLANK(Display!P37),NULL,Display!P37)} | M39: {=IF(ISBLANK(Display!Q37),NULL,Display!Q37)} | N39: {=IF(ISBLANK(Display!R37),NULL,Display!R37)} | O39: =IF(ISBLANK(A39),"",MAX($F39:$N39)) | P39: =IF(ISBLANK(Display!I37),"",Display!I37) | S39: AM(R) | T39: =Z25 | U39: =IFERROR(VLOOKUP($T39,$A$2:$P$500,3,FALSE),"") | V39: =IFERROR(VLOOKUP($T39,$A$2:$P$500,4,FALSE)&" / "&VLOOKUP($T39,$A$2:$P$500,5,FALSE),"") | W39: =IFERROR(VLOOKUP(T39,$A$2:$P$500,14,FALSE),"") | Y39: AM(R) | Z39: =$T25 | AA39: =IFERROR(VLOOKUP($Z39,$A$2:$P$500,3,FALSE),"") | AB39: =IFERROR(VLOOKUP($Z39,$A$2:$P$500,4,FALSE)&" / "&VLOOKUP($Z39,$A$2:$P$500,5,FALSE),"") | AC39: =IFERROR(VLOOKUP(Z39,$A$2:$P$500,14,FALSE),"") | AE39: AM(R) | AF39: =$T25 | AG39: =IFERROR(VLOOKUP($AF39,$A$2:$P$500,3,FALSE),"") | AH39: =IFERROR(VLOOKUP($AF39,$A$2:$P$500,4,FALSE)&" / "&VLOOKUP($AF39,$A$2:$P$500,5,FALSE),"") | AI39: =IFERROR(VLOOKUP($AF39,$A$2:$P$500,14,FALSE),"")
A40: =IF(ISBLANK(Display!A26),,Display!A26) | B40: =IF($C40>0,Display!B26,) | C40: =IF(ISBLANK(Display!C26),"",Display!C26) | D40: =IF(ISBLANK(Display!D26),"",Display!D26) | E40: =IF(ISBLANK(Display!E26),"",Display!E26) | F40: {=IF(ISBLANK(Display!J26),NULL,Display!J26)} | G40: {=IF(ISBLANK(Display!K26),NULL,Display!K26)} | H40: {=IF(ISBLANK(Display!L26),NULL,Display!L26)} | I40: {=IF(ISBLANK(Display!M26),NULL,Display!M26)} | J40: {=IF(ISBLANK(Display!N26),NULL,Display!N26)} | K40: {=IF(ISBLANK(Display!O26),NULL,Display!O26)} | L40: {=IF(ISBLANK(Display!P26),NULL,Display!P26)} | M40: {=IF(ISBLANK(Display!Q26),NULL,Display!Q26)} | N40: {=IF(ISBLANK(Display!R26),NULL,Display!R26)} | O40: =IF(ISBLANK(A40),"",MAX($F40:$N40)) | P40: =IF(ISBLANK(Display!I26),"",Display!I26) | S40: AM(C) | T40: =T26 | U40: =IFERROR(VLOOKUP($T40,$A$2:$P$500,3,FALSE),"") | V40: =IFERROR(VLOOKUP($T40,$A$2:$P$500,4,FALSE)&" / "&VLOOKUP($T40,$A$2:$P$500,5,FALSE),"") | W40: =IFERROR(VLOOKUP(T40,$A$2:$P$500,14,FALSE),"") | Y40: AM(C) | Z40: =$T26 | AA40: =IFERROR(VLOOKUP($Z40,$A$2:$P$500,3,FALSE),"") | AB40: =IFERROR(VLOOKUP($Z40,$A$2:$P$500,4,FALSE)&" / "&VLOOKUP($Z40,$A$2:$P$500,5,FALSE),"") | AC40: =IFERROR(VLOOKUP(Z40,$A$2:$P$500,14,FALSE),"") | AE40: AM(C) | AF40: =$Z26 | AG40: =IFERROR(VLOOKUP($AF40,$A$2:$P$500,3,FALSE),"") | AH40: =IFERROR(VLOOKUP($AF40,$A$2:$P$500,4,FALSE)&" / "&VLOOKUP($AF40,$A$2:$P$500,5,FALSE),"") | AI40: =IFERROR(VLOOKUP($AF40,$A$2:$P$500,14,FALSE),"")
A41: =IF(ISBLANK(Display!A59),,Display!A59) | B41: =IF($C41>0,Display!B59,) | C41: =IF(ISBLANK(Display!C59),"",Display!C59) | D41: =IF(ISBLANK(Display!D59),"",Display!D59) | E41: =IF(ISBLANK(Display!E59),"",Display!E59) | F41: {=IF(ISBLANK(Display!J59),NULL,Display!J59)} | G41: {=IF(ISBLANK(Display!K59),NULL,Display!K59)} | H41: {=IF(ISBLANK(Display!L59),NULL,Display!L59)} | I41: {=IF(ISBLANK(Display!M59),NULL,Display!M59)} | J41: {=IF(ISBLANK(Display!N59),NULL,Display!N59)} | K41: {=IF(ISBLANK(Display!O59),NULL,Display!O59)} | L41: {=IF(ISBLANK(Display!P59),NULL,Display!P59)} | M41: {=IF(ISBLANK(Display!Q59),NULL,Display!Q59)} | N41: {=IF(ISBLANK(Display!R59),NULL,Display!R59)} | O41: =IF(ISBLANK(A41),"",MAX($F41:$N41)) | P41: =IF(ISBLANK(Display!I59),"",Display!I59) | S41: AM(L) | T41: =Z27 | U41: =IFERROR(VLOOKUP($T41,$A$2:$P$500,3,FALSE),"") | V41: =IFERROR(VLOOKUP($T41,$A$2:$P$500,4,FALSE)&" / "&VLOOKUP($T41,$A$2:$P$500,5,FALSE),"") | W41: =IFERROR(VLOOKUP(T41,$A$2:$P$500,14,FALSE),"") | Y41: AM(L) | Z41: =$T27 | AA41: =IFERROR(VLOOKUP($Z41,$A$2:$P$500,3,FALSE),"") | AB41: =IFERROR(VLOOKUP($Z41,$A$2:$P$500,4,FALSE)&" / "&VLOOKUP($Z41,$A$2:$P$500,5,FALSE),"") | AC41: =IFERROR(VLOOKUP(Z41,$A$2:$P$500,14,FALSE),"") | AE41: AM(L) | AF41: =$T27 | AG41: =IFERROR(VLOOKUP($AF41,$A$2:$P$500,3,FALSE),"") | AH41: =IFERROR(VLOOKUP($AF41,$A$2:$P$500,4,FALSE)&" / "&VLOOKUP($AF41,$A$2:$P$500,5,FALSE),"") | AI41: =IFERROR(VLOOKUP($AF41,$A$2:$P$500,14,FALSE),"")
A42: =IF(ISBLANK(Display!A17),,Display!A17) | B42: =IF($C42>0,Display!B17,) | C42: =IF(ISBLANK(Display!C17),"",Display!C17) | D42: =IF(ISBLANK(Display!D17),"",Display!D17) | E42: =IF(ISBLANK(Display!E17),"",Display!E17) | F42: {=IF(ISBLANK(Display!J17),NULL,Display!J17)} | G42: {=IF(ISBLANK(Display!K17),NULL,Display!K17)} | H42: {=IF(ISBLANK(Display!L17),NULL,Display!L17)} | I42: {=IF(ISBLANK(Display!M17),NULL,Display!M17)} | J42: {=IF(ISBLANK(Display!N17),NULL,Display!N17)} | K42: {=IF(ISBLANK(Display!O17),NULL,Display!O17)} | L42: {=IF(ISBLANK(Display!P17),NULL,Display!P17)} | M42: {=IF(ISBLANK(Display!Q17),NULL,Display!Q17)} | N42: {=IF(ISBLANK(Display!R17),NULL,Display!R17)} | O42: =IF(ISBLANK(A42),"",MAX($F42:$N42)) | P42: =IF(ISBLANK(Display!I17),"",Display!I17) | S42: ST(C) | T42: =T28 | U42: =IFERROR(VLOOKUP($T42,$A$2:$P$500,3,FALSE),"") | V42: =IFERROR(VLOOKUP($T42,$A$2:$P$500,4,FALSE)&" / "&VLOOKUP($T42,$A$2:$P$500,5,FALSE),"") | W42: =IFERROR(VLOOKUP(T42,$A$2:$P$500,14,FALSE),"") | Y42: ST(C) | Z42: =$Z28 | AA42: =IFERROR(VLOOKUP($Z42,$A$2:$P$500,3,FALSE),"") | AB42: =IFERROR(VLOOKUP($Z42,$A$2:$P$500,4,FALSE)&" / "&VLOOKUP($Z42,$A$2:$P$500,5,FALSE),"") | AC42: =IFERROR(VLOOKUP(Z42,$A$2:$P$500,14,FALSE),"") | AE42: ST(C) | AF42: =$T28 | AG42: =IFERROR(VLOOKUP($AF42,$A$2:$P$500,3,FALSE),"") | AH42: =IFERROR(VLOOKUP($AF42,$A$2:$P$500,4,FALSE)&" / "&VLOOKUP($AF42,$A$2:$P$500,5,FALSE),"") | AI42: =IFERROR(VLOOKUP($AF42,$A$2:$P$500,14,FALSE),"")
A43: =IF(ISBLANK(Display!A46),,Display!A46) | B43: =IF($C43>0,Display!B46,) | C43: =IF(ISBLANK(Display!C46),"",Display!C46) | D43: =IF(ISBLANK(Display!D46),"",Display!D46) | E43: =IF(ISBLANK(Display!E46),"",Display!E46) | F43: {=IF(ISBLANK(Display!J46),NULL,Display!J46)} | G43: {=IF(ISBLANK(Display!K46),NULL,Display!K46)} | H43: {=IF(ISBLANK(Display!L46),NULL,Display!L46)} | I43: {=IF(ISBLANK(Display!M46),NULL,Display!M46)} | J43: {=IF(ISBLANK(Display!N46),NULL,Display!N46)} | K43: {=IF(ISBLANK(Display!O46),NULL,Display!O46)} | L43: {=IF(ISBLANK(Display!P46),NULL,Display!P46)} | M43: {=IF(ISBLANK(Display!Q46),NULL,Display!Q46)} | N43: {=IF(ISBLANK(Display!R46),NULL,Display!R46)} | O43: =IF(ISBLANK(A43),"",MAX($F43:$N43)) | P43: =IF(ISBLANK(Display!I46),"",Display!I46)
A44: =IF(ISBLANK(Display!A55),,Display!A55) | B44: =IF($C44>0,Display!B55,) | C44: =IF(ISBLANK(Display!C55),"",Display!C55) | D44: =IF(ISBLANK(Display!D55),"",Display!D55) | E44: =IF(ISBLANK(Display!E55),"",Display!E55) | F44: {=IF(ISBLANK(Display!J55),NULL,Display!J55)} | G44: {=IF(ISBLANK(Display!K55),NULL,Display!K55)} | H44: {=IF(ISBLANK(Display!L55),NULL,Display!L55)} | I44: {=IF(ISBLANK(Display!M55),NULL,Display!M55)} | J44: {=IF(ISBLANK(Display!N55),NULL,Display!N55)} | K44: {=IF(ISBLANK(Display!O55),NULL,Display!O55)} | L44: {=IF(ISBLANK(Display!P55),NULL,Display!P55)} | M44: {=IF(ISBLANK(Display!Q55),NULL,Display!Q55)} | N44: {=IF(ISBLANK(Display!R55),NULL,Display!R55)} | O44: =IF(ISBLANK(A44),"",MAX($F44:$N44)) | P44: =IF(ISBLANK(Display!I55),"",Display!I55)
A45: =IF(ISBLANK(Display!A67),,Display!A67) | B45: =IF($C45>0,Display!B67,) | C45: =IF(ISBLANK(Display!C67),"",Display!C67) | D45: =IF(ISBLANK(Display!D67),"",Display!D67) | E45: =IF(ISBLANK(Display!E67),"",Display!E67) | F45: {=IF(ISBLANK(Display!J67),NULL,Display!J67)} | G45: {=IF(ISBLANK(Display!K67),NULL,Display!K67)} | H45: {=IF(ISBLANK(Display!L67),NULL,Display!L67)} | I45: {=IF(ISBLANK(Display!M67),NULL,Display!M67)} | J45: {=IF(ISBLANK(Display!N67),NULL,Display!N67)} | K45: {=IF(ISBLANK(Display!O67),NULL,Display!O67)} | L45: {=IF(ISBLANK(Display!P67),NULL,Display!P67)} | M45: {=IF(ISBLANK(Display!Q67),NULL,Display!Q67)} | N45: {=IF(ISBLANK(Display!R67),NULL,Display!R67)} | O45: =IF(ISBLANK(A45),"",MAX($F45:$N45)) | P45: =IF(ISBLANK(Display!I67),"",Display!I67)
A46: =IF(ISBLANK(Display!A33),,Display!A33) | B46: =IF($C46>0,Display!B33,) | C46: =IF(ISBLANK(Display!C33),"",Display!C33) | D46: =IF(ISBLANK(Display!D33),"",Display!D33) | E46: =IF(ISBLANK(Display!E33),"",Display!E33) | F46: {=IF(ISBLANK(Display!J33),NULL,Display!J33)} | G46: {=IF(ISBLANK(Display!K33),NULL,Display!K33)} | H46: {=IF(ISBLANK(Display!L33),NULL,Display!L33)} | I46: {=IF(ISBLANK(Display!M33),NULL,Display!M33)} | J46: {=IF(ISBLANK(Display!N33),NULL,Display!N33)} | K46: {=IF(ISBLANK(Display!O33),NULL,Display!O33)} | L46: {=IF(ISBLANK(Display!P33),NULL,Display!P33)} | M46: {=IF(ISBLANK(Display!Q33),NULL,Display!Q33)} | N46: {=IF(ISBLANK(Display!R33),NULL,Display!R33)} | O46: =IF(ISBLANK(A46),"",MAX($F46:$N46)) | P46: =IF(ISBLANK(Display!I33),"",Display!I33)
A47: =IF(ISBLANK(Display!A8),,Display!A8) | B47: =IF($C47>0,Display!B8,) | C47: =IF(ISBLANK(Display!C8),"",Display!C8) | D47: =IF(ISBLANK(Display!D8),"",Display!D8) | E47: =IF(ISBLANK(Display!E8),"",Display!E8) | F47: {=IF(ISBLANK(Display!J8),NULL,Display!J8)} | G47: {=IF(ISBLANK(Display!K8),NULL,Display!K8)} | H47: {=IF(ISBLANK(Display!L8),NULL,Display!L8)} | I47: {=IF(ISBLANK(Display!M8),NULL,Display!M8)} | J47: {=IF(ISBLANK(Display!N8),NULL,Display!N8)} | K47: {=IF(ISBLANK(Display!O8),NULL,Display!O8)} | L47: {=IF(ISBLANK(Display!P8),NULL,Display!P8)} | M47: {=IF(ISBLANK(Display!Q8),NULL,Display!Q8)} | N47: {=IF(ISBLANK(Display!R8),NULL,Display!R8)} | O47: =IF(ISBLANK(A47),"",MAX($F47:$N47)) | P47: =IF(ISBLANK(Display!I8),"",Display!I8)
A48: =IF(ISBLANK(Display!A43),,Display!A43) | B48: =IF($C48>0,Display!B43,) | C48: =IF(ISBLANK(Display!C43),"",Display!C43) | D48: =IF(ISBLANK(Display!D43),"",Display!D43) | E48: =IF(ISBLANK(Display!E43),"",Display!E43) | F48: {=IF(ISBLANK(Display!J43),NULL,Display!J43)} | G48: {=IF(ISBLANK(Display!K43),NULL,Display!K43)} | H48: {=IF(ISBLANK(Display!L43),NULL,Display!L43)} | I48: {=IF(ISBLANK(Display!M43),NULL,Display!M43)} | J48: {=IF(ISBLANK(Display!N43),NULL,Display!N43)} | K48: {=IF(ISBLANK(Display!O43),NULL,Display!O43)} | L48: {=IF(ISBLANK(Display!P43),NULL,Display!P43)} | M48: {=IF(ISBLANK(Display!Q43),NULL,Display!Q43)} | N48: {=IF(ISBLANK(Display!R43),NULL,Display!R43)} | O48: =IF(ISBLANK(A48),"",MAX($F48:$N48)) | P48: =IF(ISBLANK(Display!I43),"",Display!I43)
A49: =IF(ISBLANK(Display!A34),,Display!A34) | B49: =IF($C49>0,Display!B34,) | C49: =IF(ISBLANK(Display!C34),"",Display!C34) | D49: =IF(ISBLANK(Display!D34),"",Display!D34) | E49: =IF(ISBLANK(Display!E34),"",Display!E34) | F49: {=IF(ISBLANK(Display!J34),NULL,Display!J34)} | G49: {=IF(ISBLANK(Display!K34),NULL,Display!K34)} | H49: {=IF(ISBLANK(Display!L34),NULL,Display!L34)} | I49: {=IF(ISBLANK(Display!M34),NULL,Display!M34)} | J49: {=IF(ISBLANK(Display!N34),NULL,Display!N34)} | K49: {=IF(ISBLANK(Display!O34),NULL,Display!O34)} | L49: {=IF(ISBLANK(Display!P34),NULL,Display!P34)} | M49: {=IF(ISBLANK(Display!Q34),NULL,Display!Q34)} | N49: {=IF(ISBLANK(Display!R34),NULL,Display!R34)} | O49: =IF(ISBLANK(A49),"",MAX($F49:$N49)) | P49: =IF(ISBLANK(Display!I34),"",Display!I34)
A50: =IF(ISBLANK(Display!A71),,Display!A71) | B50: =IF($C50>0,Display!B71,) | C50: =IF(ISBLANK(Display!C71),"",Display!C71) | D50: =IF(ISBLANK(Display!D71),"",Display!D71) | E50: =IF(ISBLANK(Display!E71),"",Display!E71) | F50: {=IF(ISBLANK(Display!J71),NULL,Display!J71)} | G50: {=IF(ISBLANK(Display!K71),NULL,Display!K71)} | H50: {=IF(ISBLANK(Display!L71),NULL,Display!L71)} | I50: {=IF(ISBLANK(Display!M71),NULL,Display!M71)} | J50: {=IF(ISBLANK(Display!N71),NULL,Display!N71)} | K50: {=IF(ISBLANK(Display!O71),NULL,Display!O71)} | L50: {=IF(ISBLANK(Display!P71),NULL,Display!P71)} | M50: {=IF(ISBLANK(Display!Q71),NULL,Display!Q71)} | N50: {=IF(ISBLANK(Display!R71),NULL,Display!R71)} | O50: =IF(ISBLANK(A50),"",MAX($F50:$N50)) | P50: =IF(ISBLANK(Display!I71),"",Display!I71)
A51: =IF(ISBLANK(Display!A39),,Display!A39) | B51: =IF($C51>0,Display!B39,) | C51: =IF(ISBLANK(Display!C39),"",Display!C39) | D51: =IF(ISBLANK(Display!D39),"",Display!D39) | E51: =IF(ISBLANK(Display!E39),"",Display!E39) | F51: {=IF(ISBLANK(Display!J39),NULL,Display!J39)} | G51: {=IF(ISBLANK(Display!K39),NULL,Display!K39)} | H51: {=IF(ISBLANK(Display!L39),NULL,Display!L39)} | I51: {=IF(ISBLANK(Display!M39),NULL,Display!M39)} | J51: {=IF(ISBLANK(Display!N39),NULL,Display!N39)} | K51: {=IF(ISBLANK(Display!O39),NULL,Display!O39)} | L51: {=IF(ISBLANK(Display!P39),NULL,Display!P39)} | M51: {=IF(ISBLANK(Display!Q39),NULL,Display!Q39)} | N51: {=IF(ISBLANK(Display!R39),NULL,Display!R39)} | O51: =IF(ISBLANK(A51),"",MAX($F51:$N51)) | P51: =IF(ISBLANK(Display!I39),"",Display!I39)
A52: =IF(ISBLANK(Display!A18),,Display!A18) | B52: =IF($C52>0,Display!B18,) | C52: =IF(ISBLANK(Display!C18),"",Display!C18) | D52: =IF(ISBLANK(Display!D18),"",Display!D18) | E52: =IF(ISBLANK(Display!E18),"",Display!E18) | F52: {=IF(ISBLANK(Display!J18),NULL,Display!J18)} | G52: {=IF(ISBLANK(Display!K18),NULL,Display!K18)} | H52: {=IF(ISBLANK(Display!L18),NULL,Display!L18)} | I52: {=IF(ISBLANK(Display!M18),NULL,Display!M18)} | J52: {=IF(ISBLANK(Display!N18),NULL,Display!N18)} | K52: {=IF(ISBLANK(Display!O18),NULL,Display!O18)} | L52: {=IF(ISBLANK(Display!P18),NULL,Display!P18)} | M52: {=IF(ISBLANK(Display!Q18),NULL,Display!Q18)} | N52: {=IF(ISBLANK(Display!R18),NULL,Display!R18)} | O52: =IF(ISBLANK(A52),"",MAX($F52:$N52)) | P52: =IF(ISBLANK(Display!I18),"",Display!I18)
A53: =IF(ISBLANK(Display!A52),,Display!A52) | B53: =IF($C53>0,Display!B52,) | C53: =IF(ISBLANK(Display!C52),"",Display!C52) | D53: =IF(ISBLANK(Display!D52),"",Display!D52) | E53: =IF(ISBLANK(Display!E52),"",Display!E52) | F53: {=IF(ISBLANK(Display!J52),NULL,Display!J52)} | G53: {=IF(ISBLANK(Display!K52),NULL,Display!K52)} | H53: {=IF(ISBLANK(Display!L52),NULL,Display!L52)} | I53: {=IF(ISBLANK(Display!M52),NULL,Display!M52)} | J53: {=IF(ISBLANK(Display!N52),NULL,Display!N52)} | K53: {=IF(ISBLANK(Display!O52),NULL,Display!O52)} | L53: {=IF(ISBLANK(Display!P52),NULL,Display!P52)} | M53: {=IF(ISBLANK(Display!Q52),NULL,Display!Q52)} | N53: {=IF(ISBLANK(Display!R52),NULL,Display!R52)} | O53: =IF(ISBLANK(A53),"",MAX($F53:$N53)) | P53: =IF(ISBLANK(Display!I52),"",Display!I52)
A54: =IF(ISBLANK(Display!A61),,Display!A61) | B54: =IF($C54>0,Display!B61,) | C54: =IF(ISBLANK(Display!C61),"",Display!C61) | D54: =IF(ISBLANK(Display!D61),"",Display!D61) | E54: =IF(ISBLANK(Display!E61),"",Display!E61) | F54: {=IF(ISBLANK(Display!J61),NULL,Display!J61)} | G54: {=IF(ISBLANK(Display!K61),NULL,Display!K61)} | H54: {=IF(ISBLANK(Display!L61),NULL,Display!L61)} | I54: {=IF(ISBLANK(Display!M61),NULL,Display!M61)} | J54: {=IF(ISBLANK(Display!N61),NULL,Display!N61)} | K54: {=IF(ISBLANK(Display!O61),NULL,Display!O61)} | L54: {=IF(ISBLANK(Display!P61),NULL,Display!P61)} | M54: {=IF(ISBLANK(Display!Q61),NULL,Display!Q61)} | N54: {=IF(ISBLANK(Display!R61),NULL,Display!R61)} | O54: =IF(ISBLANK(A54),"",MAX($F54:$N54)) | P54: =IF(ISBLANK(Display!I61),"",Display!I61)
A55: =IF(ISBLANK(Display!A42),,Display!A42) | B55: =IF($C55>0,Display!B42,) | C55: =IF(ISBLANK(Display!C42),"",Display!C42) | D55: =IF(ISBLANK(Display!D42),"",Display!D42) | E55: =IF(ISBLANK(Display!E42),"",Display!E42) | F55: {=IF(ISBLANK(Display!J42),NULL,Display!J42)} | G55: {=IF(ISBLANK(Display!K42),NULL,Display!K42)} | H55: {=IF(ISBLANK(Display!L42),NULL,Display!L42)} | I55: {=IF(ISBLANK(Display!M42),NULL,Display!M42)} | J55: {=IF(ISBLANK(Display!N42),NULL,Display!N42)} | K55: {=IF(ISBLANK(Display!O42),NULL,Display!O42)} | L55: {=IF(ISBLANK(Display!P42),NULL,Display!P42)} | M55: {=IF(ISBLANK(Display!Q42),NULL,Display!Q42)} | N55: {=IF(ISBLANK(Display!R42),NULL,Display!R42)} | O55: =IF(ISBLANK(A55),"",MAX($F55:$N55)) | P55: =IF(ISBLANK(Display!I42),"",Display!I42)
A56: =IF(ISBLANK(Display!A40),,Display!A40) | B56: =IF($C56>0,Display!B40,) | C56: =IF(ISBLANK(Display!C40),"",Display!C40) | D56: =IF(ISBLANK(Display!D40),"",Display!D40) | E56: =IF(ISBLANK(Display!E40),"",Display!E40) | F56: {=IF(ISBLANK(Display!J40),NULL,Display!J40)} | G56: {=IF(ISBLANK(Display!K40),NULL,Display!K40)} | H56: {=IF(ISBLANK(Display!L40),NULL,Display!L40)} | I56: {=IF(ISBLANK(Display!M40),NULL,Display!M40)} | J56: {=IF(ISBLANK(Display!N40),NULL,Display!N40)} | K56: {=IF(ISBLANK(Display!O40),NULL,Display!O40)} | L56: {=IF(ISBLANK(Display!P40),NULL,Display!P40)} | M56: {=IF(ISBLANK(Display!Q40),NULL,Display!Q40)} | N56: {=IF(ISBLANK(Display!R40),NULL,Display!R40)} | O56: =IF(ISBLANK(A56),"",MAX($F56:$N56)) | P56: =IF(ISBLANK(Display!I40),"",Display!I40)
A57: =IF(ISBLANK(Display!A9),,Display!A9) | B57: =IF($C57>0,Display!B9,) | C57: =IF(ISBLANK(Display!C9),"",Display!C9) | D57: =IF(ISBLANK(Display!D9),"",Display!D9) | E57: =IF(ISBLANK(Display!E9),"",Display!E9) | F57: {=IF(ISBLANK(Display!J9),NULL,Display!J9)} | G57: {=IF(ISBLANK(Display!K9),NULL,Display!K9)} | H57: {=IF(ISBLANK(Display!L9),NULL,Display!L9)} | I57: {=IF(ISBLANK(Display!M9),NULL,Display!M9)} | J57: {=IF(ISBLANK(Display!N9),NULL,Display!N9)} | K57: {=IF(ISBLANK(Display!O9),NULL,Display!O9)} | L57: {=IF(ISBLANK(Display!P9),NULL,Display!P9)} | M57: {=IF(ISBLANK(Display!Q9),NULL,Display!Q9)} | N57: {=IF(ISBLANK(Display!R9),NULL,Display!R9)} | O57: =IF(ISBLANK(A57),"",MAX($F57:$N57)) | P57: =IF(ISBLANK(Display!I9),"",Display!I9)
A58: =IF(ISBLANK(Display!A54),,Display!A54) | B58: =IF($C58>0,Display!B54,) | C58: =IF(ISBLANK(Display!C54),"",Display!C54) | D58: =IF(ISBLANK(Display!D54),"",Display!D54) | E58: =IF(ISBLANK(Display!E54),"",Display!E54) | F58: {=IF(ISBLANK(Display!J54),NULL,Display!J54)} | G58: {=IF(ISBLANK(Display!K54),NULL,Display!K54)} | H58: {=IF(ISBLANK(Display!L54),NULL,Display!L54)} | I58: {=IF(ISBLANK(Display!M54),NULL,Display!M54)} | J58: {=IF(ISBLANK(Display!N54),NULL,Display!N54)} | K58: {=IF(ISBLANK(Display!O54),NULL,Display!O54)} | L58: {=IF(ISBLANK(Display!P54),NULL,Display!P54)} | M58: {=IF(ISBLANK(Display!Q54),NULL,Display!Q54)} | N58: {=IF(ISBLANK(Display!R54),NULL,Display!R54)} | O58: =IF(ISBLANK(A58),"",MAX($F58:$N58)) | P58: =IF(ISBLANK(Display!I54),"",Display!I54)
A59: =IF(ISBLANK(Display!A70),,Display!A70) | B59: =IF($C59>0,Display!B70,) | C59: =IF(ISBLANK(Display!C70),"",Display!C70) | D59: =IF(ISBLANK(Display!D70),"",Display!D70) | E59: =IF(ISBLANK(Display!E70),"",Display!E70) | F59: {=IF(ISBLANK(Display!J70),NULL,Display!J70)} | G59: {=IF(ISBLANK(Display!K70),NULL,Display!K70)} | H59: {=IF(ISBLANK(Display!L70),NULL,Display!L70)} | I59: {=IF(ISBLANK(Display!M70),NULL,Display!M70)} | J59: {=IF(ISBLANK(Display!N70),NULL,Display!N70)} | K59: {=IF(ISBLANK(Display!O70),NULL,Display!O70)} | L59: {=IF(ISBLANK(Display!P70),NULL,Display!P70)} | M59: {=IF(ISBLANK(Display!Q70),NULL,Display!Q70)} | N59: {=IF(ISBLANK(Display!R70),NULL,Display!R70)} | O59: =IF(ISBLANK(A59),"",MAX($F59:$N59)) | P59: =IF(ISBLANK(Display!I70),"",Display!I70)
A60: =IF(ISBLANK(Display!A66),,Display!A66) | B60: =IF($C60>0,Display!B66,) | C60: =IF(ISBLANK(Display!C66),"",Display!C66) | D60: =IF(ISBLANK(Display!D66),"",Display!D66) | E60: =IF(ISBLANK(Display!E66),"",Display!E66) | F60: {=IF(ISBLANK(Display!J66),NULL,Display!J66)} | G60: {=IF(ISBLANK(Display!K66),NULL,Display!K66)} | H60: {=IF(ISBLANK(Display!L66),NULL,Display!L66)} | I60: {=IF(ISBLANK(Display!M66),NULL,Display!M66)} | J60: {=IF(ISBLANK(Display!N66),NULL,Display!N66)} | K60: {=IF(ISBLANK(Display!O66),NULL,Display!O66)} | L60: {=IF(ISBLANK(Display!P66),NULL,Display!P66)} | M60: {=IF(ISBLANK(Display!Q66),NULL,Display!Q66)} | N60: {=IF(ISBLANK(Display!R66),NULL,Display!R66)} | O60: =IF(ISBLANK(A60),"",MAX($F60:$N60)) | P60: =IF(ISBLANK(Display!I66),"",Display!I66)
A61: =IF(ISBLANK(Display!A48),,Display!A48) | B61: =IF($C61>0,Display!B48,) | C61: =IF(ISBLANK(Display!C48),"",Display!C48) | D61: =IF(ISBLANK(Display!D48),"",Display!D48) | E61: =IF(ISBLANK(Display!E48),"",Display!E48) | F61: {=IF(ISBLANK(Display!J48),NULL,Display!J48)} | G61: {=IF(ISBLANK(Display!K48),NULL,Display!K48)} | H61: {=IF(ISBLANK(Display!L48),NULL,Display!L48)} | I61: {=IF(ISBLANK(Display!M48),NULL,Display!M48)} | J61: {=IF(ISBLANK(Display!N48),NULL,Display!N48)} | K61: {=IF(ISBLANK(Display!O48),NULL,Display!O48)} | L61: {=IF(ISBLANK(Display!P48),NULL,Display!P48)} | M61: {=IF(ISBLANK(Display!Q48),NULL,Display!Q48)} | N61: {=IF(ISBLANK(Display!R48),NULL,Display!R48)} | O61: =IF(ISBLANK(A61),"",MAX($F61:$N61)) | P61: =IF(ISBLANK(Display!I48),"",Display!I48)
A62: =IF(ISBLANK(Display!A72),,Display!A72) | B62: =IF($C62>0,Display!B72,) | C62: =IF(ISBLANK(Display!C72),"",Display!C72) | D62: =IF(ISBLANK(Display!D72),"",Display!D72) | E62: =IF(ISBLANK(Display!E72),"",Display!E72) | F62: {=IF(ISBLANK(Display!J72),NULL,Display!J72)} | G62: {=IF(ISBLANK(Display!K72),NULL,Display!K72)} | H62: {=IF(ISBLANK(Display!L72),NULL,Display!L72)} | I62: {=IF(ISBLANK(Display!M72),NULL,Display!M72)} | J62: {=IF(ISBLANK(Display!N72),NULL,Display!N72)} | K62: {=IF(ISBLANK(Display!O72),NULL,Display!O72)} | L62: {=IF(ISBLANK(Display!P72),NULL,Display!P72)} | M62: {=IF(ISBLANK(Display!Q72),NULL,Display!Q72)} | N62: {=IF(ISBLANK(Display!R72),NULL,Display!R72)} | O62: =IF(ISBLANK(A62),"",MAX($F62:$N62)) | P62: =IF(ISBLANK(Display!I72),"",Display!I72)
A63: =IF(ISBLANK(Display!A7),,Display!A7) | B63: =IF($C63>0,Display!B7,) | C63: =IF(ISBLANK(Display!C7),"",Display!C7) | D63: =IF(ISBLANK(Display!D7),"",Display!D7) | E63: =IF(ISBLANK(Display!E7),"",Display!E7) | F63: {=IF(ISBLANK(Display!J7),NULL,Display!J7)} | G63: {=IF(ISBLANK(Display!K7),NULL,Display!K7)} | H63: {=IF(ISBLANK(Display!L7),NULL,Display!L7)} | I63: {=IF(ISBLANK(Display!M7),NULL,Display!M7)} | J63: {=IF(ISBLANK(Display!N7),NULL,Display!N7)} | K63: {=IF(ISBLANK(Display!O7),NULL,Display!O7)} | L63: {=IF(ISBLANK(Display!P7),NULL,Display!P7)} | M63: {=IF(ISBLANK(Display!Q7),NULL,Display!Q7)} | N63: {=IF(ISBLANK(Display!R7),NULL,Display!R7)} | O63: =IF(ISBLANK(A63),"",MAX($F63:$N63)) | P63: =IF(ISBLANK(Display!I7),"",Display!I7)
A64: =IF(ISBLANK(Display!A60),,Display!A60) | B64: =IF($C64>0,Display!B60,) | C64: =IF(ISBLANK(Display!C60),"",Display!C60) | D64: =IF(ISBLANK(Display!D60),"",Display!D60) | E64: =IF(ISBLANK(Display!E60),"",Display!E60) | F64: {=IF(ISBLANK(Display!J60),NULL,Display!J60)} | G64: {=IF(ISBLANK(Display!K60),NULL,Display!K60)} | H64: {=IF(ISBLANK(Display!L60),NULL,Display!L60)} | I64: {=IF(ISBLANK(Display!M60),NULL,Display!M60)} | J64: {=IF(ISBLANK(Display!N60),NULL,Display!N60)} | K64: {=IF(ISBLANK(Display!O60),NULL,Display!O60)} | L64: {=IF(ISBLANK(Display!P60),NULL,Display!P60)} | M64: {=IF(ISBLANK(Display!Q60),NULL,Display!Q60)} | N64: {=IF(ISBLANK(Display!R60),NULL,Display!R60)} | O64: =IF(ISBLANK(A64),"",MAX($F64:$N64)) | P64: =IF(ISBLANK(Display!I60),"",Display!I60)
A65: =IF(ISBLANK(Display!A56),,Display!A56) | B65: =IF($C65>0,Display!B56,) | C65: =IF(ISBLANK(Display!C56),"",Display!C56) | D65: =IF(ISBLANK(Display!D56),"",Display!D56) | E65: =IF(ISBLANK(Display!E56),"",Display!E56) | F65: {=IF(ISBLANK(Display!J56),NULL,Display!J56)} | G65: {=IF(ISBLANK(Display!K56),NULL,Display!K56)} | H65: {=IF(ISBLANK(Display!L56),NULL,Display!L56)} | I65: {=IF(ISBLANK(Display!M56),NULL,Display!M56)} | J65: {=IF(ISBLANK(Display!N56),NULL,Display!N56)} | K65: {=IF(ISBLANK(Display!O56),NULL,Display!O56)} | L65: {=IF(ISBLANK(Display!P56),NULL,Display!P56)} | M65: {=IF(ISBLANK(Display!Q56),NULL,Display!Q56)} | N65: {=IF(ISBLANK(Display!R56),NULL,Display!R56)} | O65: =IF(ISBLANK(A65),"",MAX($F65:$N65)) | P65: =IF(ISBLANK(Display!I56),"",Display!I56)
A66: =IF(ISBLANK(Display!A65),,Display!A65) | B66: =IF($C66>0,Display!B65,) | C66: =IF(ISBLANK(Display!C65),"",Display!C65) | D66: =IF(ISBLANK(Display!D65),"",Display!D65) | E66: =IF(ISBLANK(Display!E65),"",Display!E65) | F66: {=IF(ISBLANK(Display!J65),NULL,Display!J65)} | G66: {=IF(ISBLANK(Display!K65),NULL,Display!K65)} | H66: {=IF(ISBLANK(Display!L65),NULL,Display!L65)} | I66: {=IF(ISBLANK(Display!M65),NULL,Display!M65)} | J66: {=IF(ISBLANK(Display!N65),NULL,Display!N65)} | K66: {=IF(ISBLANK(Display!O65),NULL,Display!O65)} | L66: {=IF(ISBLANK(Display!P65),NULL,Display!P65)} | M66: {=IF(ISBLANK(Display!Q65),NULL,Display!Q65)} | N66: {=IF(ISBLANK(Display!R65),NULL,Display!R65)} | O66: =IF(ISBLANK(A66),"",MAX($F66:$N66)) | P66: =IF(ISBLANK(Display!I65),"",Display!I65)
A67: =IF(ISBLANK(Display!A45),,Display!A45) | B67: =IF($C67>0,Display!B45,) | C67: =IF(ISBLANK(Display!C45),"",Display!C45) | D67: =IF(ISBLANK(Display!D45),"",Display!D45) | E67: =IF(ISBLANK(Display!E45),"",Display!E45) | F67: {=IF(ISBLANK(Display!J45),NULL,Display!J45)} | G67: {=IF(ISBLANK(Display!K45),NULL,Display!K45)} | H67: {=IF(ISBLANK(Display!L45),NULL,Display!L45)} | I67: {=IF(ISBLANK(Display!M45),NULL,Display!M45)} | J67: {=IF(ISBLANK(Display!N45),NULL,Display!N45)} | K67: {=IF(ISBLANK(Display!O45),NULL,Display!O45)} | L67: {=IF(ISBLANK(Display!P45),NULL,Display!P45)} | M67: {=IF(ISBLANK(Display!Q45),NULL,Display!Q45)} | N67: {=IF(ISBLANK(Display!R45),NULL,Display!R45)} | O67: =IF(ISBLANK(A67),"",MAX($F67:$N67)) | P67: =IF(ISBLANK(Display!I45),"",Display!I45)
A68: =IF(ISBLANK(Display!A32),,Display!A32) | B68: =IF($C68>0,Display!B32,) | C68: =IF(ISBLANK(Display!C32),"",Display!C32) | D68: =IF(ISBLANK(Display!D32),"",Display!D32) | E68: =IF(ISBLANK(Display!E32),"",Display!E32) | F68: {=IF(ISBLANK(Display!J32),NULL,Display!J32)} | G68: {=IF(ISBLANK(Display!K32),NULL,Display!K32)} | H68: {=IF(ISBLANK(Display!L32),NULL,Display!L32)} | I68: {=IF(ISBLANK(Display!M32),NULL,Display!M32)} | J68: {=IF(ISBLANK(Display!N32),NULL,Display!N32)} | K68: {=IF(ISBLANK(Display!O32),NULL,Display!O32)} | L68: {=IF(ISBLANK(Display!P32),NULL,Display!P32)} | M68: {=IF(ISBLANK(Display!Q32),NULL,Display!Q32)} | N68: {=IF(ISBLANK(Display!R32),NULL,Display!R32)} | O68: =IF(ISBLANK(A68),"",MAX($F68:$N68)) | P68: =IF(ISBLANK(Display!I32),"",Display!I32)
A69: =IF(ISBLANK(Display!A29),,Display!A29) | B69: =IF($C69>0,Display!B29,) | C69: =IF(ISBLANK(Display!C29),"",Display!C29) | D69: =IF(ISBLANK(Display!D29),"",Display!D29) | E69: =IF(ISBLANK(Display!E29),"",Display!E29) | F69: {=IF(ISBLANK(Display!J29),NULL,Display!J29)} | G69: {=IF(ISBLANK(Display!K29),NULL,Display!K29)} | H69: {=IF(ISBLANK(Display!L29),NULL,Display!L29)} | I69: {=IF(ISBLANK(Display!M29),NULL,Display!M29)} | J69: {=IF(ISBLANK(Display!N29),NULL,Display!N29)} | K69: {=IF(ISBLANK(Display!O29),NULL,Display!O29)} | L69: {=IF(ISBLANK(Display!P29),NULL,Display!P29)} | M69: {=IF(ISBLANK(Display!Q29),NULL,Display!Q29)} | N69: {=IF(ISBLANK(Display!R29),NULL,Display!R29)} | O69: =IF(ISBLANK(A69),"",MAX($F69:$N69)) | P69: =IF(ISBLANK(Display!I29),"",Display!I29)
A70: =IF(ISBLANK(Display!A47),,Display!A47) | B70: =IF($C70>0,Display!B47,) | C70: =IF(ISBLANK(Display!C47),"",Display!C47) | D70: =IF(ISBLANK(Display!D47),"",Display!D47) | E70: =IF(ISBLANK(Display!E47),"",Display!E47) | F70: {=IF(ISBLANK(Display!J47),NULL,Display!J47)} | G70: {=IF(ISBLANK(Display!K47),NULL,Display!K47)} | H70: {=IF(ISBLANK(Display!L47),NULL,Display!L47)} | I70: {=IF(ISBLANK(Display!M47),NULL,Display!M47)} | J70: {=IF(ISBLANK(Display!N47),NULL,Display!N47)} | K70: {=IF(ISBLANK(Display!O47),NULL,Display!O47)} | L70: {=IF(ISBLANK(Display!P47),NULL,Display!P47)} | M70: {=IF(ISBLANK(Display!Q47),NULL,Display!Q47)} | N70: {=IF(ISBLANK(Display!R47),NULL,Display!R47)} | O70: =IF(ISBLANK(A70),"",MAX($F70:$N70)) | P70: =IF(ISBLANK(Display!I47),"",Display!I47)
A71: =IF(ISBLANK(Display!A62),,Display!A62) | B71: =IF($C71>0,Display!B62,) | C71: =IF(ISBLANK(Display!C62),"",Display!C62) | D71: =IF(ISBLANK(Display!D62),"",Display!D62) | E71: =IF(ISBLANK(Display!E62),"",Display!E62) | F71: {=IF(ISBLANK(Display!J62),NULL,Display!J62)} | G71: {=IF(ISBLANK(Display!K62),NULL,Display!K62)} | H71: {=IF(ISBLANK(Display!L62),NULL,Display!L62)} | I71: {=IF(ISBLANK(Display!M62),NULL,Display!M62)} | J71: {=IF(ISBLANK(Display!N62),NULL,Display!N62)} | K71: {=IF(ISBLANK(Display!O62),NULL,Display!O62)} | L71: {=IF(ISBLANK(Display!P62),NULL,Display!P62)} | M71: {=IF(ISBLANK(Display!Q62),NULL,Display!Q62)} | N71: {=IF(ISBLANK(Display!R62),NULL,Display!R62)} | O71: =IF(ISBLANK(A71),"",MAX($F71:$N71)) | P71: =IF(ISBLANK(Display!I62),"",Display!I62)
A72: =IF(ISBLANK(Display!A49),,Display!A49) | B72: =IF($C72>0,Display!B49,) | C72: =IF(ISBLANK(Display!C49),"",Display!C49) | D72: =IF(ISBLANK(Display!D49),"",Display!D49) | E72: =IF(ISBLANK(Display!E49),"",Display!E49) | F72: {=IF(ISBLANK(Display!J49),NULL,Display!J49)} | G72: {=IF(ISBLANK(Display!K49),NULL,Display!K49)} | H72: {=IF(ISBLANK(Display!L49),NULL,Display!L49)} | I72: {=IF(ISBLANK(Display!M49),NULL,Display!M49)} | J72: {=IF(ISBLANK(Display!N49),NULL,Display!N49)} | K72: {=IF(ISBLANK(Display!O49),NULL,Display!O49)} | L72: {=IF(ISBLANK(Display!P49),NULL,Display!P49)} | M72: {=IF(ISBLANK(Display!Q49),NULL,Display!Q49)} | N72: {=IF(ISBLANK(Display!R49),NULL,Display!R49)} | O72: =IF(ISBLANK(A72),"",MAX($F72:$N72)) | P72: =IF(ISBLANK(Display!I49),"",Display!I49)
A73: =IF(ISBLANK(Display!A74),,Display!A74) | B73: =IF($C73>0,Display!B74,) | C73: =IF(ISBLANK(Display!C74),"",Display!C74) | D73: =IF(ISBLANK(Display!D74),"",Display!D74) | E73: =IF(ISBLANK(Display!E74),"",Display!E74) | F73: {=IF(ISBLANK(Display!J74),NULL,Display!J74)} | G73: {=IF(ISBLANK(Display!K74),NULL,Display!K74)} | H73: {=IF(ISBLANK(Display!L74),NULL,Display!L74)} | I73: {=IF(ISBLANK(Display!M74),NULL,Display!M74)} | J73: {=IF(ISBLANK(Display!N74),NULL,Display!N74)} | K73: {=IF(ISBLANK(Display!O74),NULL,Display!O74)} | L73: {=IF(ISBLANK(Display!P74),NULL,Display!P74)} | M73: {=IF(ISBLANK(Display!Q74),NULL,Display!Q74)} | N73: {=IF(ISBLANK(Display!R74),NULL,Display!R74)} | O73: =IF(ISBLANK(A73),"",MAX($F73:$N73)) | P73: =IF(ISBLANK(Display!I74),"",Display!I74)
A74: =IF(ISBLANK(Display!A75),,Display!A75) | B74: =IF($C74>0,Display!B75,) | C74: =IF(ISBLANK(Display!C75),"",Display!C75) | D74: =IF(ISBLANK(Display!D75),"",Display!D75) | E74: =IF(ISBLANK(Display!E75),"",Display!E75) | F74: {=IF(ISBLANK(Display!J75),NULL,Display!J75)} | G74: {=IF(ISBLANK(Display!K75),NULL,Display!K75)} | H74: {=IF(ISBLANK(Display!L75),NULL,Display!L75)} | I74: {=IF(ISBLANK(Display!M75),NULL,Display!M75)} | J74: {=IF(ISBLANK(Display!N75),NULL,Display!N75)} | K74: {=IF(ISBLANK(Display!O75),NULL,Display!O75)} | L74: {=IF(ISBLANK(Display!P75),NULL,Display!P75)} | M74: {=IF(ISBLANK(Display!Q75),NULL,Display!Q75)} | N74: {=IF(ISBLANK(Display!R75),NULL,Display!R75)} | O74: =IF(ISBLANK(A74),"",MAX($F74:$N74)) | P74: =IF(ISBLANK(Display!I75),"",Display!I75)
A75: =IF(ISBLANK(Display!A76),,Display!A76) | B75: =IF($C75>0,Display!B76,) | C75: =IF(ISBLANK(Display!C76),"",Display!C76) | D75: =IF(ISBLANK(Display!D76),"",Display!D76) | E75: =IF(ISBLANK(Display!E76),"",Display!E76) | F75: {=IF(ISBLANK(Display!J76),NULL,Display!J76)} | G75: {=IF(ISBLANK(Display!K76),NULL,Display!K76)} | H75: {=IF(ISBLANK(Display!L76),NULL,Display!L76)} | I75: {=IF(ISBLANK(Display!M76),NULL,Display!M76)} | J75: {=IF(ISBLANK(Display!N76),NULL,Display!N76)} | K75: {=IF(ISBLANK(Display!O76),NULL,Display!O76)} | L75: {=IF(ISBLANK(Display!P76),NULL,Display!P76)} | M75: {=IF(ISBLANK(Display!Q76),NULL,Display!Q76)} | N75: {=IF(ISBLANK(Display!R76),NULL,Display!R76)} | O75: =IF(ISBLANK(A75),"",MAX($F75:$N75)) | P75: =IF(ISBLANK(Display!I76),"",Display!I76)
A76: =IF(ISBLANK(Display!A77),,Display!A77) | B76: =IF($C76>0,Display!B77,) | C76: =IF(ISBLANK(Display!C77),"",Display!C77) | D76: =IF(ISBLANK(Display!D77),"",Display!D77) | E76: =IF(ISBLANK(Display!E77),"",Display!E77) | F76: {=IF(ISBLANK(Display!J77),NULL,Display!J77)} | G76: {=IF(ISBLANK(Display!K77),NULL,Display!K77)} | H76: {=IF(ISBLANK(Display!L77),NULL,Display!L77)} | I76: {=IF(ISBLANK(Display!M77),NULL,Display!M77)} | J76: {=IF(ISBLANK(Display!N77),NULL,Display!N77)} | K76: {=IF(ISBLANK(Display!O77),NULL,Display!O77)} | L76: {=IF(ISBLANK(Display!P77),NULL,Display!P77)} | M76: {=IF(ISBLANK(Display!Q77),NULL,Display!Q77)} | N76: {=IF(ISBLANK(Display!R77),NULL,Display!R77)} | O76: =IF(ISBLANK(A76),"",MAX($F76:$N76)) | P76: =IF(ISBLANK(Display!I77),"",Display!I77)
A77: =IF(ISBLANK(Display!A78),,Display!A78) | B77: =IF($C77>0,Display!B78,) | C77: =IF(ISBLANK(Display!C78),"",Display!C78) | D77: =IF(ISBLANK(Display!D78),"",Display!D78) | E77: =IF(ISBLANK(Display!E78),"",Display!E78) | F77: {=IF(ISBLANK(Display!J78),NULL,Display!J78)} | G77: {=IF(ISBLANK(Display!K78),NULL,Display!K78)} | H77: {=IF(ISBLANK(Display!L78),NULL,Display!L78)} | I77: {=IF(ISBLANK(Display!M78),NULL,Display!M78)} | J77: {=IF(ISBLANK(Display!N78),NULL,Display!N78)} | K77: {=IF(ISBLANK(Display!O78),NULL,Display!O78)} | L77: {=IF(ISBLANK(Display!P78),NULL,Display!P78)} | M77: {=IF(ISBLANK(Display!Q78),NULL,Display!Q78)} | N77: {=IF(ISBLANK(Display!R78),NULL,Display!R78)} | O77: =IF(ISBLANK(A77),"",MAX($F77:$N77)) | P77: =IF(ISBLANK(Display!I78),"",Display!I78)
A78: =IF(ISBLANK(Display!A79),,Display!A79) | B78: =IF($C78>0,Display!B79,) | C78: =IF(ISBLANK(Display!C79),"",Display!C79) | D78: =IF(ISBLANK(Display!D79),"",Display!D79) | E78: =IF(ISBLANK(Display!E79),"",Display!E79) | F78: {=IF(ISBLANK(Display!J79),NULL,Display!J79)} | G78: {=IF(ISBLANK(Display!K79),NULL,Display!K79)} | H78: {=IF(ISBLANK(Display!L79),NULL,Display!L79)} | I78: {=IF(ISBLANK(Display!M79),NULL,Display!M79)} | J78: {=IF(ISBLANK(Display!N79),NULL,Display!N79)} | K78: {=IF(ISBLANK(Display!O79),NULL,Display!O79)} | L78: {=IF(ISBLANK(Display!P79),NULL,Display!P79)} | M78: {=IF(ISBLANK(Display!Q79),NULL,Display!Q79)} | N78: {=IF(ISBLANK(Display!R79),NULL,Display!R79)} | O78: =IF(ISBLANK(A78),"",MAX($F78:$N78)) | P78: =IF(ISBLANK(Display!I79),"",Display!I79)
A79: =IF(ISBLANK(Display!A80),,Display!A80) | B79: =IF($C79>0,Display!B80,) | C79: =IF(ISBLANK(Display!C80),"",Display!C80) | D79: =IF(ISBLANK(Display!D80),"",Display!D80) | E79: =IF(ISBLANK(Display!E80),"",Display!E80) | F79: {=IF(ISBLANK(Display!J80),NULL,Display!J80)} | G79: {=IF(ISBLANK(Display!K80),NULL,Display!K80)} | H79: {=IF(ISBLANK(Display!L80),NULL,Display!L80)} | I79: {=IF(ISBLANK(Display!M80),NULL,Display!M80)} | J79: {=IF(ISBLANK(Display!N80),NULL,Display!N80)} | K79: {=IF(ISBLANK(Display!O80),NULL,Display!O80)} | L79: {=IF(ISBLANK(Display!P80),NULL,Display!P80)} | M79: {=IF(ISBLANK(Display!Q80),NULL,Display!Q80)} | N79: {=IF(ISBLANK(Display!R80),NULL,Display!R80)} | O79: =IF(ISBLANK(A79),"",MAX($F79:$N79)) | P79: =IF(ISBLANK(Display!I80),"",Display!I80)
A80: =IF(ISBLANK(Display!A81),,Display!A81) | B80: =IF($C80>0,Display!B81,) | C80: =IF(ISBLANK(Display!C81),"",Display!C81) | D80: =IF(ISBLANK(Display!D81),"",Display!D81) | E80: =IF(ISBLANK(Display!E81),"",Display!E81) | F80: {=IF(ISBLANK(Display!J81),NULL,Display!J81)} | G80: {=IF(ISBLANK(Display!K81),NULL,Display!K81)} | H80: {=IF(ISBLANK(Display!L81),NULL,Display!L81)} | I80: {=IF(ISBLANK(Display!M81),NULL,Display!M81)} | J80: {=IF(ISBLANK(Display!N81),NULL,Display!N81)} | K80: {=IF(ISBLANK(Display!O81),NULL,Display!O81)} | L80: {=IF(ISBLANK(Display!P81),NULL,Display!P81)} | M80: {=IF(ISBLANK(Display!Q81),NULL,Display!Q81)} | N80: {=IF(ISBLANK(Display!R81),NULL,Display!R81)} | O80: =IF(ISBLANK(A80),"",MAX($F80:$N80)) | P80: =IF(ISBLANK(Display!I81),"",Display!I81)
A81: =IF(ISBLANK(Display!A82),,Display!A82) | B81: =IF($C81>0,Display!B82,) | C81: =IF(ISBLANK(Display!C82),"",Display!C82) | D81: =IF(ISBLANK(Display!D82),"",Display!D82) | E81: =IF(ISBLANK(Display!E82),"",Display!E82) | F81: {=IF(ISBLANK(Display!J82),NULL,Display!J82)} | G81: {=IF(ISBLANK(Display!K82),NULL,Display!K82)} | H81: {=IF(ISBLANK(Display!L82),NULL,Display!L82)} | I81: {=IF(ISBLANK(Display!M82),NULL,Display!M82)} | J81: {=IF(ISBLANK(Display!N82),NULL,Display!N82)} | K81: {=IF(ISBLANK(Display!O82),NULL,Display!O82)} | L81: {=IF(ISBLANK(Display!P82),NULL,Display!P82)} | M81: {=IF(ISBLANK(Display!Q82),NULL,Display!Q82)} | N81: {=IF(ISBLANK(Display!R82),NULL,Display!R82)} | O81: =IF(ISBLANK(A81),"",MAX($F81:$N81)) | P81: =IF(ISBLANK(Display!I82),"",Display!I82)
A82: =IF(ISBLANK(Display!A83),,Display!A83) | B82: =IF($C82>0,Display!B83,) | C82: =IF(ISBLANK(Display!C83),"",Display!C83) | D82: =IF(ISBLANK(Display!D83),"",Display!D83) | E82: =IF(ISBLANK(Display!E83),"",Display!E83) | F82: {=IF(ISBLANK(Display!J83),NULL,Display!J83)} | G82: {=IF(ISBLANK(Display!K83),NULL,Display!K83)} | H82: {=IF(ISBLANK(Display!L83),NULL,Display!L83)} | I82: {=IF(ISBLANK(Display!M83),NULL,Display!M83)} | J82: {=IF(ISBLANK(Display!N83),NULL,Display!N83)} | K82: {=IF(ISBLANK(Display!O83),NULL,Display!O83)} | L82: {=IF(ISBLANK(Display!P83),NULL,Display!P83)} | M82: {=IF(ISBLANK(Display!Q83),NULL,Display!Q83)} | N82: {=IF(ISBLANK(Display!R83),NULL,Display!R83)} | O82: =IF(ISBLANK(A82),"",MAX($F82:$N82)) | P82: =IF(ISBLANK(Display!I83),"",Display!I83)
A83: =IF(ISBLANK(Display!A84),,Display!A84) | B83: =IF($C83>0,Display!B84,) | C83: =IF(ISBLANK(Display!C84),"",Display!C84) | D83: =IF(ISBLANK(Display!D84),"",Display!D84) | E83: =IF(ISBLANK(Display!E84),"",Display!E84) | F83: {=IF(ISBLANK(Display!J84),NULL,Display!J84)} | G83: {=IF(ISBLANK(Display!K84),NULL,Display!K84)} | H83: {=IF(ISBLANK(Display!L84),NULL,Display!L84)} | I83: {=IF(ISBLANK(Display!M84),NULL,Display!M84)} | J83: {=IF(ISBLANK(Display!N84),NULL,Display!N84)} | K83: {=IF(ISBLANK(Display!O84),NULL,Display!O84)} | L83: {=IF(ISBLANK(Display!P84),NULL,Display!P84)} | M83: {=IF(ISBLANK(Display!Q84),NULL,Display!Q84)} | N83: {=IF(ISBLANK(Display!R84),NULL,Display!R84)} | O83: =IF(ISBLANK(A83),"",MAX($F83:$N83)) | P83: =IF(ISBLANK(Display!I84),"",Display!I84)
A84: =IF(ISBLANK(Display!A85),,Display!A85) | B84: =IF($C84>0,Display!B85,) | C84: =IF(ISBLANK(Display!C85),"",Display!C85) | D84: =IF(ISBLANK(Display!D85),"",Display!D85) | E84: =IF(ISBLANK(Display!E85),"",Display!E85) | F84: {=IF(ISBLANK(Display!J85),NULL,Display!J85)} | G84: {=IF(ISBLANK(Display!K85),NULL,Display!K85)} | H84: {=IF(ISBLANK(Display!L85),NULL,Display!L85)} | I84: {=IF(ISBLANK(Display!M85),NULL,Display!M85)} | J84: {=IF(ISBLANK(Display!N85),NULL,Display!N85)} | K84: {=IF(ISBLANK(Display!O85),NULL,Display!O85)} | L84: {=IF(ISBLANK(Display!P85),NULL,Display!P85)} | M84: {=IF(ISBLANK(Display!Q85),NULL,Display!Q85)} | N84: {=IF(ISBLANK(Display!R85),NULL,Display!R85)} | O84: =IF(ISBLANK(A84),"",MAX($F84:$N84)) | P84: =IF(ISBLANK(Display!I85),"",Display!I85)
... A99: =IF(ISBLANK(Display!A100),,Display!A100) | B99: =IF($C99>0,Display!B100,) | C99: =IF(ISBLANK(Display!C100),"",Display!C100) | D99: =IF(ISBLANK(Display!D100),"",Display!D100) | E99: =IF(ISBLANK(Display!E100),"",Display!E100) | F99: {=IF(ISBLANK(Display!J100),NULL,Display!J100)} | G99: {=IF(ISBLANK(Display!K100),NULL,Display!K100)} | H99: {=IF(ISBLANK(Display!L100),NULL,Display!L100)} | I99: {=IF(ISBLANK(Display!M100),NULL,Display!M100)} | J99: {=IF(ISBLANK(Display!N100),NULL,Display!N100)} | K99: {=IF(ISBLANK(Display!O100),NULL,Display!O100)} | L99: {=IF(ISBLANK(Display!P100),NULL,Display!P100)} | M99: {=IF(ISBLANK(Display!Q100),NULL,Display!Q100)} | N99: {=IF(ISBLANK(Display!R100),NULL,Display!R100)} | O99: =IF(ISBLANK(A99),"",MAX($F99:$N99)) | P99: =IF(ISBLANK(Display!I100),"",Display!I100)

Sheet AttWeights
B1: Attribute | C1: Acceleration | D1: Agility | E1: Balance | F1: Jumping Reach | G1: Natural Fitness | H1: Pace | I1: Stamina | J1: Strength | K1: Aerial Reach | L1: Command Of Area | M1: Communication | N1: Eccentricity | O1: Handling | P1: Kicking | Q1: One On Ones | R1: Punching (Tendency) | S1: Reflexes | T1: Rushing Out (Tendency) | U1: Throwing | V1: Aggression | W1: Anticipation | X1: Bravery | Y1: Composure | Z1: Concentration | AA1: Decisions | AB1: Determination | AC1: Flair | AD1: Leadership | AE1: Off The Ball | AF1: Positioning | AG1: Teamwork | AH1: Vision | AI1: Work Rate | AJ1: Crossing | AK1: Dribbling | AL1: Finishing | AM1: First Touch | AN1: Heading | AO1: Long Shots | AP1: Marking | AQ1: Passing | AR1: Tackling | AS1: Technique | AT1: Corners | AU1: Free Kick Taking | AV1: Long Throws | AW1: Penalty Taking
A2: IN POSSESSION | B2: GK | C2: 1 | D2: 10 | E2: 1 | F2: 1 | G2: 1 | H2: 1 | I2: 1 | J2: 1 | K2: 10 | L2: 10 | M2: 10 | N2: 3 | O2: 10 | P2: 7 | Q2: 7 | R2: 3 | S2: 10 | T2: 1 | U2: 7 | V2: 1 | W2: 7 | X2: 4 | Y2: 1 | Z2: 10 | AA2: 7 | AB2: 4 | AC2: 1 | AD2: 4 | AE2: 0 | AF2: 10 | AG2: 1 | AH2: 1 | AI2: 1 | AJ2: 0 | AK2: 0 | AL2: 0 | AM2: 1 | AN2: 0 | AO2: 0 | AP2: 0 | AQ2: 1 | AR2: 0 | AS2: 1 | AT2: 1 | AU2: 1 | AV2: 1 | AW2: 1
B3: D(L/R) FB | C3: 10 | D3: 7 | E3: 4 | F3: 2 | G3: 2 | H3: 7 | I3: 7 | J3: 2 | K3: 2 | L3: 2 | M3: 2 | N3: 2 | O3: 2 | P3: 2 | Q3: 2 | R3: 2 | S3: 2 | T3: 2 | U3: 2 | V3: 2 | W3: 10 | X3: 5 | Y3: 2 | Z3: 10 | AA3: 7 | AB3: 3 | AC3: 0 | AD3: 3 | AE3: 2 | AF3: 10 | AG3: 10 | AH3: 2 | AI3: 7 | AJ3: 7 | AK3: 7 | AL3: 0 | AM3: 2 | AN3: 2 | AO3: 0 | AP3: 10 | AQ3: 7 | AR3: 10 | AS3: 7 | AT3: 0 | AU3: 0 | AV3: 0 | AW3: 0
B4: D(C) BPCB | C4: 8 | D4: 8 | E4: 4 | F4: 10 | G4: 2 | H4: 7 | I4: 2 | J4: 10 | K4: 2 | L4: 2 | M4: 2 | N4: 2 | O4: 2 | P4: 2 | Q4: 2 | R4: 2 | S4: 2 | T4: 2 | U4: 2 | V4: 7 | W4: 10 | X4: 7 | Y4: 10 | Z4: 7 | AA4: 7 | AB4: 3 | AC4: 0 | AD4: 3 | AE4: 2 | AF4: 10 | AG4: 2 | AH4: 7 | AI4: 2 | AJ4: 2 | AK4: 2 | AL4: 0 | AM4: 7 | AN4: 10 | AO4: 0 | AP4: 10 | AQ4: 10 | AR4: 10 | AS4: 7 | AT4: 0 | AU4: 0 | AV4: 0 | AW4: 0
B5: DM - DM | C5: 8 | D5: 8 | E5: 5 | F5: 0 | G5: 2 | H5: 8 | I5: 7 | J5: 7 | K5: 2 | L5: 2 | M5: 2 | N5: 2 | O5: 2 | P5: 2 | Q5: 2 | R5: 2 | S5: 2 | T5: 2 | U5: 2 | V5: 7 | W5: 10 | X5: 3 | Y5: 7 | Z5: 10 | AA5: 7 | AB5: 3 | AC5: 2 | AD5: 3 | AE5: 2 | AF5: 10 | AG5: 10 | AH5: 2 | AI5: 7 | AJ5: 2 | AK5: 2 | AL5: 2 | AM5: 7 | AN5: 0 | AO5: 2 | AP5: 7 | AQ5: 7 | AR5: 10 | AS5: 2 | AT5: 0 | AU5: 0 | AV5: 0 | AW5: 0
B6: DM - DLP | C6: 8 | D6: 8 | E6: 7 | F6: 0 | G6: 2 | H6: 8 | I6: 7 | J6: 4 | K6: 2 | L6: 2 | M6: 2 | N6: 2 | O6: 2 | P6: 2 | Q6: 2 | R6: 2 | S6: 2 | T6: 2 | U6: 2 | V6: 4 | W6: 7 | X6: 3 | Y6: 10 | Z6: 7 | AA6: 10 | AB6: 3 | AC6: 5 | AD6: 3 | AE6: 7 | AF6: 7 | AG6: 10 | AH6: 10 | AI6: 7 | AJ6: 2 | AK6: 2 | AL6: 2 | AM6: 10 | AN6: 0 | AO6: 2 | AP6: 7 | AQ6: 10 | AR6: 7 | AS6: 10 | AT6: 0 | AU6: 0 | AV6: 0 | AW6: 0
B7: AM(L) IF | C7: 10 | D7: 10 | E7: 7 | F7: 0 | G7: 2 | H7: 7 | I7: 7 | J7: 2 | K7: 2 | L7: 2 | M7: 2 | N7: 2 | O7: 2 | P7: 2 | Q7: 2 | R7: 2 | S7: 2 | T7: 2 | U7: 2 | V7: 2 | W7: 10 | X7: 3 | Y7: 10 | Z7: 2 | AA7: 2 | AB7: 3 | AC7: 7 | AD7: 3 | AE7: 10 | AF7: 2 | AG7: 2 | AH7: 7 | AI7: 7 | AJ7: 7 | AK7: 10 | AL7: 7 | AM7: 10 | AN7: 0 | AO7: 7 | AP7: 2 | AQ7: 7 | AR7: 2 | AS7: 10 | AT7: 0 | AU7: 0 | AV7: 0 | AW7: 0
B8: AM(C) AM | C8: 10 | D8: 7 | E8: 5 | F8: 0 | G8: 2 | H8: 7 | I8: 7 | J8: 2 | K8: 2 | L8: 2 | M8: 2 | N8: 2 | O8: 2 | P8: 2 | Q8: 2 | R8: 2 | S8: 2 | T8: 2 | U8: 2 | V8: 2 | W8: 7 | X8: 3 | Y8: 10 | Z8: 2 | AA8: 7 | AB8: 3 | AC8: 7 | AD8: 3 | AE8: 10 | AF8: 2 | AG8: 2 | AH8: 7 | AI8: 10 | AJ8: 10 | AK8: 7 | AL8: 2 | AM8: 10 | AN8: 0 | AO8: 7 | AP8: 2 | AQ8: 10 | AR8: 2 | AS8: 10 | AT8: 0 | AU8: 0 | AV8: 0 | AW8: 0
B9: AM(R) W | C9: 10 | D9: 10 | E9: 7 | F9: 0 | G9: 2 | H9: 10 | I9: 7 | J9: 2 | K9: 2 | L9: 2 | M9: 2 | N9: 2 | O9: 2 | P9: 2 | Q9: 2 | R9: 2 | S9: 2 | T9: 2 | U9: 2 | V9: 2 | W9: 7 | X9: 3 | Y9: 2 | Z9: 2 | AA9: 2 | AB9: 3 | AC9: 7 | AD9: 3 | AE9: 7 | AF9: 2 | AG9: 10 | AH9: 2 | AI9: 7 | AJ9: 10 | AK9: 10 | AL9: 2 | AM9: 7 | AN9: 0 | AO9: 2 | AP9: 2 | AQ9: 7 | AR9: 2 | AS9: 10 | AT9: 0 | AU9: 0 | AV9: 0 | AW9: 0
B10: ST(C) CF | C10: 10 | D10: 7 | E10: 7 | F10: 7 | G10: 2 | H10: 7 | I10: 2 | J10: 10 | K10: 2 | L10: 2 | M10: 2 | N10: 2 | O10: 2 | P10: 2 | Q10: 2 | R10: 2 | S10: 2 | T10: 2 | U10: 2 | V10: 2 | W10: 7 | X10: 5 | Y10: 10 | Z10: 2 | AA10: 7 | AB10: 4 | AC10: 4 | AD10: 2 | AE10: 10 | AF10: 2 | AG10: 2 | AH10: 2 | AI10: 2 | AJ10: 2 | AK10: 7 | AL10: 10 | AM10: 10 | AN10: 10 | AO10: 2 | AP10: 0 | AQ10: 7 | AR10: 0 | AS10: 10 | AT10: 0 | AU10: 0 | AV10: 0 | AW10: 2
A11: OUT OF POSSESSION | B11: GK | C11: 1 | D11: 10 | E11: 1 | F11: 1 | G11: 1 | H11: 1 | I11: 1 | J11: 1 | K11: 10 | L11: 10 | M11: 10 | N11: 3 | O11: 10 | P11: 1 | Q11: 7 | R11: 3 | S11: 10 | T11: 7 | U11: 1 | V11: 1 | W11: 7 | X11: 4 | Y11: 1 | Z11: 10 | AA11: 7 | AB11: 4 | AC11: 1 | AD11: 4 | AE11: 0 | AF11: 10 | AG11: 1 | AH11: 1 | AI11: 1 | AJ11: 0 | AK11: 0 | AL11: 0 | AM11: 1 | AN11: 0 | AO11: 0 | AP11: 0 | AQ11: 1 | AR11: 0 | AS11: 1 | AT11: 1 | AU11: 1 | AV11: 1 | AW11: 1
B12: D(L/R) FB | C12: 10 | D12: 7 | E12: 4 | F12: 2 | G12: 2 | H12: 7 | I12: 7 | J12: 2 | K12: 2 | L12: 2 | M12: 2 | N12: 2 | O12: 2 | P12: 2 | Q12: 2 | R12: 2 | S12: 2 | T12: 2 | U12: 2 | V12: 7 | W12: 10 | X12: 5 | Y12: 2 | Z12: 7 | AA12: 7 | AB12: 3 | AC12: 0 | AD12: 3 | AE12: 2 | AF12: 10 | AG12: 10 | AH12: 2 | AI12: 7 | AJ12: 2 | AK12: 2 | AL12: 0 | AM12: 2 | AN12: 2 | AO12: 0 | AP12: 10 | AQ12: 2 | AR12: 10 | AS12: 2 | AT12: 0 | AU12: 0 | AV12: 0 | AW12: 0
B13: D(C) CB | C13: 8 | D13: 8 | E13: 4 | F13: 10 | G13: 2 | H13: 7 | I13: 2 | J13: 10 | K13: 2 | L13: 2 | M13: 2 | N13: 2 | O13: 2 | P13: 2 | Q13: 2 | R13: 2 | S13: 2 | T13: 2 | U13: 2 | V13: 7 | W13: 10 | X13: 7 | Y13: 7 | Z13: 7 | AA13: 7 | AB13: 3 | AC13: 0 | AD13: 3 | AE13: 2 | AF13: 10 | AG13: 2 | AH13: 2 | AI13: 2 | AJ13: 2 | AK13: 2 | AL13: 0 | AM13: 2 | AN13: 10 | AO13: 0 | AP13: 10 | AQ13: 2 | AR13: 10 | AS13: 2 | AT13: 0 | AU13: 0 | AV13: 0 | AW13: 0
